COMMENT,,,VM4H1_T441$NTransferPhase Phase,,LDPAccumulation[001]
COMMENT,,,VM4H1_T442$NTransferPhase Phase,,LDPAccumulation[002]
COMMENT,,,VM4H1_T443$NTransferPhase Phase,,LDPAccumulation[003]
COMMENT,,,VM4H1_T444$NTransferPhase Phase,,LDPAccumulation[004]
COMMENT,,,VM4H1_T445$NTransferPhase Phase,,LDPAccumulation[005]
COMMENT,,,VM4H1_T446$NTransferPhase Phase,,LDPAccumulation[006]
COMMENT,,,VM4H1_Drain$NDrainPhase Phase,,LDPAccumulation[007]
COMMENT,,,VM4H2_T441$NTransferPhase Phase,,LDPAccumulation[008]
COMMENT,,,VM4H2_T442$NTransferPhase Phase,,LDPAccumulation[009]
COMMENT,,,VM4H2_T443$NTransferPhase Phase,,LDPAccumulation[010]
COMMENT,,,VM4H2_T444$NTransferPhase Phase,,LDPAccumulation[011]
COMMENT,,,VM4H2_T445$NTransferPhase Phase,,LDPAccumulation[012]
COMMENT,,,VM4H2_T446$NTransferPhase Phase,,LDPAccumulation[013]
COMMENT,,,VM4H2_Drain$NDrainPhase Phase,,LDPAccumulation[014]
COMMENT,,,T342-VM4_VM4H1$NTransferPhase Phase,,LDPAccumulation[015]
COMMENT,,,T342-VM4_VM4H2$NTransferPhase Phase,,LDPAccumulation[016]
COMMENT,,,T344_VM4H1$NTransferPhase Phase,,LDPAccumulation[017]
COMMENT,,,T344_VM4H2$NTransferPhase Phase,,LDPAccumulation[018]
COMMENT,,,T343-VM4_VM4H1$NTransferPhase Phase,,LDPAccumulation[019]
COMMENT,,,T343-VM4_VM4H2$NTransferPhase Phase,,LDPAccumulation[020]
COMMENT,,,T323_VM4H1$NTransferPhase Phase,,LDPAccumulation[021]
COMMENT,,,T323_VM4H2$NTransferPhase Phase,,LDPAccumulation[022]
COMMENT,,,T324_T315$NTransferPhase Phase,,LDPAccumulation[023]
COMMENT,,,T324_T314$NTransferPhase Phase,,LDPAccumulation[024]
COMMENT,,,T325-VM4_VM4H1$NTransferPhase Phase,,LDPAccumulation[025]
COMMENT,,,T325-VM4_VM4H2$NTransferPhase Phase,,LDPAccumulation[026]
COMMENT,,,-_-$N Phase,,LDPAccumulation[027]
COMMENT,,,-_-$N Phase,,LDPAccumulation[028]
COMMENT,,,-_-$N Phase,,LDPAccumulation[029]
COMMENT,,,-_-$N Phase,,LDPAccumulation[030]
COMMENT,,,P491_VM4H2$NTransferPhase Phase,,LDPAccumulation[031]
COMMENT,,,T319_VM4H2$NTransferPhase Phase,,LDPAccumulation[032]
COMMENT,,,CWSPreLD_T319$NTransferPhase Phase,,LDPAccumulation[033]
COMMENT,,,MWSPreLD_T319$NSanitizePhase Phase,,LDPAccumulation[034]
COMMENT,,,MWSPreLD_T319$NCleanPhase Phase,,LDPAccumulation[035]
COMMENT,,,-_-$N- Phase,,LDPAccumulation[036]
COMMENT,,,-_-$N- Phase,,LDPAccumulation[037]
COMMENT,,,MWSPreLD_T315$NCIPPhase Phase,,LDPAccumulation[038]
COMMENT,,,MWSPreLD_T314$NCIPPhase Phase,,LDPAccumulation[040]
COMMENT,,,HWSPreLD_T308$NCIPPhase Phase,,LDPAccumulation[041]
COMMENT,,,HWSPreLD_T306$NCIPPhase Phase,,LDPAccumulation[042]
COMMENT,,,-_-$N- Phase,,LDPAccumulation[043]
COMMENT,,,-_-$N- Phase,,LDPAccumulation[044]
COMMENT,,,-_-$N- Phase,,LDPAccumulation[045]
COMMENT,,,T315_VM4H1$NTransferPhase Phase,,LDPAccumulation[046]
COMMENT,,,T315_VM4H2$NTransferPhase Phase,,LDPAccumulation[047]
COMMENT,,,-_-$N- Phase,,LDPAccumulation[048]
COMMENT,,,-_-$N- Phase,,LDPAccumulation[049]
COMMENT,,,T314_VM4H1$NTransferPhase Phase,,LDPAccumulation[050]
COMMENT,,,T314_VM4H2$NTransferPhase Phase,,LDPAccumulation[051]
COMMENT,,,-_-$N- Phase,,LDPAccumulation[052]
COMMENT,,,-_-$N- Phase,,LDPAccumulation[053]
COMMENT,,,-_-$N- Phase,,LDPAccumulation[054]
COMMENT,,,-_-$N- Phase,,LDPAccumulation[055]
COMMENT,,,-_-$N- Phase,,LDPAccumulation[056]
COMMENT,,,T441_Filler5A$NTransferPhase Phase,,LDPAccumulation[057]
COMMENT,,,T441_Filler5B$NTransferPhase Phase,,LDPAccumulation[058]
COMMENT,,,T442_Filler5A$NTransferPhase Phase,,LDPAccumulation[059]
COMMENT,,,T442_Filler5B$NTransferPhase Phase,,LDPAccumulation[060]
COMMENT,,,T443_Filler5A$NTransferPhase Phase,,LDPAccumulation[061]
COMMENT,,,T443_Filler5B$NTransferPhase Phase,,LDPAccumulation[062]
COMMENT,,,T444_Filler5A$NTransferPhase Phase,,LDPAccumulation[063]
COMMENT,,,T444_Filler5B$NTransferPhase Phase,,LDPAccumulation[064]
COMMENT,,,T445_Filler5A$NTransferPhase Phase,,LDPAccumulation[065]
COMMENT,,,T445_Filler5B$NTransferPhase Phase,,LDPAccumulation[066]
COMMENT,,,T446_Filler5A$NTransferPhase Phase,,LDPAccumulation[067]
COMMENT,,,T446_Filler5B$NTransferPhase Phase,,LDPAccumulation[068]
COMMENT,,,-_-$N- Phase,,LDPAccumulation[069]
COMMENT,,,Steam_VM4H1$NSanitizePhase Phase,,LDPAccumulation[070]
COMMENT,,,Steam_VM4H2$NSanitizePhase Phase,,LDPAccumulation[071]
COMMENT,,,-_-$N- Phase,,LDPAccumulation[072]
COMMENT,,,-_-$N- Phase,,LDPAccumulation[073]
COMMENT,,,T218_VM4H1$NTransferPhase Phase,,LDPAccumulation[074]
COMMENT,,,T218_VM4H2$NTransferPhase Phase,,LDPAccumulation[075]
COMMENT,,,T312_T313$NTransferPhase Phase,,LDPAccumulation[076]
COMMENT,,,T313_T314$NTransferPhase Phase,,LDPAccumulation[077]
COMMENT,,,-_-$N- Phase,,LDPAccumulation[078]
COMMENT,,,T441_Drain$NDrainPhase Phase,,LDPAccumulation[079]
COMMENT,,,T442_Drain$NDrainPhase Phase,,LDPAccumulation[080]
COMMENT,,,T443_Drain$NDrainPhase Phase,,LDPAccumulation[081]
COMMENT,,,T444_Drain$NDrainPhase Phase,,LDPAccumulation[082]
COMMENT,,,T445_Drain$NDrainPhase Phase,,LDPAccumulation[083]
COMMENT,,,T446_Drain$NDrainPhase Phase,,LDPAccumulation[084]
COMMENT,,,-_-$N- Phase,,LDPAccumulation[085]
COMMENT,,,-_-$N- Phase,,LDPAccumulation[086]
COMMENT,,,T201_VM4H1$NTransferPhase Phase,,LDPAccumulation[087]
COMMENT,,,T201_VM4H2$NTransferPhase Phase,,LDPAccumulation[088]
COMMENT,,,-_-$N- Phase,,LDPAccumulation[089]
COMMENT,,,MWSPreLD_T315$NCleanPhase Phase,,LDPAccumulation[090]
COMMENT,,,-_-$N- Phase,,LDPAccumulation[091]
COMMENT,,,MWSPreLD_T314$NCleanPhase Phase,,LDPAccumulation[092]
COMMENT,,,MWSPreLD_T308$NCleanPhase Phase,,LDPAccumulation[093]
COMMENT,,,MWSPreLD_T306$NCleanPhase Phase,,LDPAccumulation[094]
COMMENT,,,-_-$N- Phase,,LDPAccumulation[095]
COMMENT,,,MWSPreLD_T315$NSanitizePhase Phase,,LDPAccumulation[096]
COMMENT,,,-_-$N- Phase,,LDPAccumulation[097]
COMMENT,,,MWSPreLD_T314$NSanitizePhase Phase,,LDPAccumulation[098]
COMMENT,,,MWSPreLD_T308$NSanitizePhase Phase,,LDPAccumulation[099]
COMMENT,,,MWSPreLD_T306$NSanitizePhase Phase,,LDPAccumulation[100]
COMMENT,,,T441_AgitOn$NAgitation On Turbine Phase,,LDPAccumulation[101]
COMMENT,,,T441_AgitSp$NAgititation Speed Turbine Phase,,LDPAccumulation[102]
COMMENT,,,T441_AgitOff$NStopPhase Turbine Phase,,LDPAccumulation[103]
COMMENT,,,-_-$N- Phase,,LDPAccumulation[104]
COMMENT,,,T442_AgitOn$NAgitation On Turbine Phase,,LDPAccumulation[105]
COMMENT,,,T442_AgitSp$NAgititation Speed Turbine Phase,,LDPAccumulation[106]
COMMENT,,,T442_AgitOff$NStopPhase Turbine Phase,,LDPAccumulation[107]
COMMENT,,,-_-$N- Phase,,LDPAccumulation[108]
COMMENT,,,T443_AgitOn$NAgitation On Turbine Phase,,LDPAccumulation[109]
COMMENT,,,T443_AgitSp$NAgititation Speed Turbine Phase,,LDPAccumulation[110]
COMMENT,,,T443_AgitOff$NStopPhase Turbine Phase,,LDPAccumulation[111]
COMMENT,,,-_-$N- Phase,,LDPAccumulation[112]
COMMENT,,,T444_AgitOn$NAgitation On Turbine Phase,,LDPAccumulation[113]
COMMENT,,,T444_AgitSp$NAgititation Speed Turbine Phase,,LDPAccumulation[114]
COMMENT,,,T444_AgitOff$NStopPhase Turbine Phase,,LDPAccumulation[115]
COMMENT,,,-_-$N- Phase,,LDPAccumulation[116]
COMMENT,,,T445_AgitOn$NAgitation On Turbine Phase,,LDPAccumulation[117]
COMMENT,,,T445_AgitSp$NAgititation Speed Turbine Phase,,LDPAccumulation[118]
COMMENT,,,T445_AgitOff$NStopPhase Turbine Phase,,LDPAccumulation[119]
COMMENT,,,-_-$N- Phase,,LDPAccumulation[120]
COMMENT,,,T446_AgitOn$NAgitation On Turbine Phase,,LDPAccumulation[121]
COMMENT,,,T446_AgitSp$NAgititation Speed Turbine Phase,,LDPAccumulation[122]
COMMENT,,,T446_AgitOff$NStopPhase Turbine Phase,,LDPAccumulation[123]
COMMENT,,,-_-$N- Phase,,LDPAccumulation[124]
COMMENT,,,-_-$N- Phase,,LDPAccumulation[125]
COMMENT,,,-_-$N- Phase,,LDPAccumulation[126]
COMMENT,,,-_-$N- Phase,,LDPAccumulation[127]
COMMENT,,,-_-$N- Phase,,LDPAccumulation[128]
COMMENT,,,-_-$N- Phase,,LDPAccumulation[129]
COMMENT,,,-_-$N- Phase,,LDPAccumulation[130]
COMMENT,,,-_-$N- Phase,,LDPAccumulation[131]
COMMENT,,,-_-$N- Phase,,LDPAccumulation[132]
COMMENT,,,-_-$N- Phase,,LDPAccumulation[133]
COMMENT,,,T441_HeatOn$NProcessPhase Phase,,LDPAccumulation[134]
COMMENT,,,T441_HeatOff$NStopPhase Phase,,LDPAccumulation[135]
COMMENT,,,T441_CoolOn$NProcessPhase Phase,,LDPAccumulation[136]
COMMENT,,,T441_CoolOff$NStopPhase Phase,,LDPAccumulation[137]
COMMENT,,,-_-$N- Phase,,LDPAccumulation[138]
COMMENT,,,T442_HeatOn$NProcessPhase Phase,,LDPAccumulation[139]
COMMENT,,,T442_HeatOff$NStopPhase Phase,,LDPAccumulation[140]
COMMENT,,,T442_CoolOn$NProcessPhase Phase,,LDPAccumulation[141]
COMMENT,,,T442_CoolOff$NStopPhase Phase,,LDPAccumulation[142]
COMMENT,,,-_-$N- Phase,,LDPAccumulation[143]
COMMENT,,,T443_HeatOn$NProcessPhase Phase,,LDPAccumulation[144]
COMMENT,,,T443_HeatOff$NStopPhase Phase,,LDPAccumulation[145]
COMMENT,,,T443_CoolOn$NProcessPhase Phase,,LDPAccumulation[146]
COMMENT,,,T443_CoolOff$NStopPhase Phase,,LDPAccumulation[147]
COMMENT,,,-_-$N- Phase,,LDPAccumulation[148]
COMMENT,,,T444_HeatOn$NProcessPhase Phase,,LDPAccumulation[149]
COMMENT,,,T444_HeatOff$NStopPhase Phase,,LDPAccumulation[150]
COMMENT,,,T444_CoolOn$NProcessPhase Phase,,LDPAccumulation[151]
COMMENT,,,T444_CoolOff$NStopPhase Phase,,LDPAccumulation[152]
COMMENT,,,-_-$N- Phase,,LDPAccumulation[153]
COMMENT,,,T445_HeatOn$NProcessPhase Phase,,LDPAccumulation[154]
COMMENT,,,T445_HeatOff$NStopPhase Phase,,LDPAccumulation[155]
COMMENT,,,T445_CoolOn$NProcessPhase Phase,,LDPAccumulation[156]
COMMENT,,,T445_CoolOff$NStopPhase Phase,,LDPAccumulation[157]
COMMENT,,,-_-$N- Phase,,LDPAccumulation[158]
COMMENT,,,T446_HeatOn$NProcessPhase Phase,,LDPAccumulation[159]
COMMENT,,,T446_HeatOff$NStopPhase Phase,,LDPAccumulation[160]
COMMENT,,,T446_CoolOn$NProcessPhase Phase,,LDPAccumulation[161]
COMMENT,,,T446_CoolOff$NStopPhase Phase,,LDPAccumulation[162]
COMMENT,,,-_-$N- Phase,,LDPAccumulation[163]
COMMENT,,,MWSVM4A_VM4H1$NCleanPhase Phase,,LDPAccumulation[164]
COMMENT,,,MWSVM4B_VM4H2$NCleanPhase Phase,,LDPAccumulation[165]
COMMENT,,,HWS_MFD1$NCleanPhase Phase,,LDPAccumulation[166]
COMMENT,,,HWS_MFD2$NCleanPhase Phase,,LDPAccumulation[167]
COMMENT,,,MWSVM4A_VM4H1$NCIPPhase Phase,,LDPAccumulation[168]
COMMENT,,,MWSVM4B_VM4H2$NCIPPhase Phase,,LDPAccumulation[169]
COMMENT,,,MWSVM4B_VM4H1$NCIPPhase Phase,,LDPAccumulation[170]
COMMENT,,,MWSVM4B_VM4H2$NCIPPhase Phase,,LDPAccumulation[171]
COMMENT,,,-_-$N- Phase,,LDPAccumulation[172]
COMMENT,,,-_-$N- Phase,,LDPAccumulation[173]
COMMENT,,,MWSVM4A_T441$NCleanPhase Phase,,LDPAccumulation[174]
COMMENT,,,MWSVM4A_T442$NCleanPhase Phase,,LDPAccumulation[175]
COMMENT,,,MWSVM4A_T443$NCleanPhase Phase,,LDPAccumulation[176]
COMMENT,,,MWSVM4A_T444$NCleanPhase Phase,,LDPAccumulation[177]
COMMENT,,,MWSVM4A_T445$NCleanPhase Phase,,LDPAccumulation[178]
COMMENT,,,MWSVM4A_T446$NCleanPhase Phase,,LDPAccumulation[179]
COMMENT,,,-_-$N- Phase,,LDPAccumulation[180]
COMMENT,,,-_-$N- Phase,,LDPAccumulation[181]
COMMENT,,,HWSVM1_Filler5A$NCleanPhase Phase,,LDPAccumulation[182]
COMMENT,,,HWSVM1_Filler5B$NCleanPhase Phase,,LDPAccumulation[183]
COMMENT,,,HWSVM1_Filler5A$NSanitizePhase Phase,,LDPAccumulation[184]
COMMENT,,,HWSVM1_Filler5B$NSanitizePhase Phase,,LDPAccumulation[185]
COMMENT,,,HWSVM1_Filler6$NCleanPhase Phase,,LDPAccumulation[186]
COMMENT,,,HWSVM1_Filler6$NSanitizePhase Phase,,LDPAccumulation[187]
COMMENT,,,-_-$N- Phase,,LDPAccumulation[188]
COMMENT,,,CWSPreLD_M490Old$NTransferPhase Phase,,LDPAccumulation[189]
COMMENT,,,-_-$N- Phase,,LDPAccumulation[190]
COMMENT,,,VM4H1_T441$NStopPhase Phase,,LDPAccumulation[191]
COMMENT,,,VM4H1_T442$NStopPhase Phase,,LDPAccumulation[192]
COMMENT,,,VM4H1_T443$NStopPhase Phase,,LDPAccumulation[193]
COMMENT,,,VM4H1_T444$NStopPhase Phase,,LDPAccumulation[194]
COMMENT,,,VM4H1_T445$NStopPhase Phase,,LDPAccumulation[195]
COMMENT,,,VM4H1_T446$NStopPhase Phase,,LDPAccumulation[196]
COMMENT,,,-_-$N- Phase,,LDPAccumulation[197]
COMMENT,,,VM4H2_T441$NStopPhase Phase,,LDPAccumulation[198]
COMMENT,,,VM4H2_T442$NStopPhase Phase,,LDPAccumulation[199]
COMMENT,,,VM4H2_T443$NStopPhase Phase,,LDPAccumulation[200]
COMMENT,,,VM4H2_T444$NStopPhase Phase,,LDPAccumulation[201]
COMMENT,,,VM4H2_T445$NStopPhase Phase,,LDPAccumulation[202]
COMMENT,,,VM4H2_T446$NStopPhase Phase,,LDPAccumulation[203]
COMMENT,,,-_-$N- Phase,,LDPAccumulation[204]
COMMENT,,,T315_AgitOn$NAgitation On Turbine Phase,,LDPAccumulation[205]
COMMENT,,,T315_AgitSp$NAgititation Speed Turbine Phase,,LDPAccumulation[206]
COMMENT,,,T315_AgitOff$NStopPhase Turbine Phase,,LDPAccumulation[207]
COMMENT,,,-_-$N- Phase,,LDPAccumulation[208]
COMMENT,,,-_-$N- Phase,,LDPAccumulation[209]
COMMENT,,,T314_AgitOn$NAgitation On Turbine Phase,,LDPAccumulation[209]
COMMENT,,,T314_AgitSp$NAgititation Speed Turbine Phase,,LDPAccumulation[210]
COMMENT,,,T314_AgitOff$NStopPhase Turbine Phase,,LDPAccumulation[211]
COMMENT,,,-_-$N- Phase,,LDPAccumulation[212]
COMMENT,,,T441_StopDrain$NStopPhase Phase,,LDPAccumulation[213]
COMMENT,,,T442_StopDrain$NStopPhase Phase,,LDPAccumulation[214]
COMMENT,,,T443_StopDrain$NStopPhase Phase,,LDPAccumulation[215]
COMMENT,,,T444_StopDrain$NStopPhase Phase,,LDPAccumulation[216]
COMMENT,,,T445_StopDrain$NStopPhase Phase,,LDPAccumulation[217]
COMMENT,,,T446_StopDrain$NStopPhase Phase,,LDPAccumulation[218]
COMMENT,,,-_-$N- Phase,,LDPAccumulation[219]
COMMENT,,,VM4H1_StopDrain$NStopDrain Phase,,LDPAccumulation[220]
COMMENT,,,VM4H2_StopDrain$NStopDrain Phase,,LDPAccumulation[221]
COMMENT,,,-_-$N- Phase,,LDPAccumulation[222]
COMMENT,,,T441_DrainConnection$NConnectionPhase Phase,,LDPAccumulation[223]
COMMENT,,,T442_DrainConnection$NConnectionPhase Phase,,LDPAccumulation[224]
COMMENT,,,T443_DrainConnection$NConnectionPhase Phase,,LDPAccumulation[225]
COMMENT,,,T444_DrainConnection$NConnectionPhase Phase,,LDPAccumulation[226]
COMMENT,,,T445_DrainConnection$NConnectionPhase Phase,,LDPAccumulation[227]
COMMENT,,,T446_DrainConnection$NConnectionPhase Phase,,LDPAccumulation[228]
COMMENT,,,-_-$N- Phase,,LDPAccumulation[229]
COMMENT,,,T441_Filler6$NTransferPhase Phase,,LDPAccumulation[230]
COMMENT,,,T442_Filler6$NTransferPhase Phase,,LDPAccumulation[231]
COMMENT,,,T443_Filler6$NTransferPhase Phase,,LDPAccumulation[232]
COMMENT,,,T444_Filler6$NTransferPhase Phase,,LDPAccumulation[233]
COMMENT,,,T445_Filler6$NTransferPhase Phase,,LDPAccumulation[234]
COMMENT,,,T446_Filler6$NTransferPhase Phase,,LDPAccumulation[235]
COMMENT,,,-_-$N- Phase,,LDPAccumulation[236]
COMMENT,,,T326_VM4H1$NTransferPhase Phase,,LDPAccumulation[237]
COMMENT,,,T326_VM4H2$NTransferPhase Phase,,LDPAccumulation[238]
COMMENT,,,T324_VM4H1$NTransferPhase Phase,,LDPAccumulation[239]
COMMENT,,,T324_T313$NTransferPhase Phase,,LDPAccumulation[240]
COMMENT,,,T324_VM4H2$NTransferPhase Phase,,LDPAccumulation[241]
COMMENT,,,T325-VM4_T313$NTransferPhase Phase,,LDPAccumulation[242]
COMMENT,,,T325-VM4_T314$NTransferPhase Phase,,LDPAccumulation[243]
COMMENT,,,T325-VM4_T315$NTransferPhase Phase,,LDPAccumulation[244]
COMMENT,,,-_-$N- Phase,,LDPAccumulation[245]
COMMENT,,,T322_VM4H1$NTransferPhase Phase,,LDPAccumulation[246]
COMMENT,,,T322_VM4H2$NTransferPhase Phase,,LDPAccumulation[247]
COMMENT,,,-_-$N- Phase,,LDPAccumulation[248]
COMMENT,,,T313_VM4H1$NTransferPhase Phase,,LDPAccumulation[249]
COMMENT,,,T313_VM4H2$NTransferPhase Phase,,LDPAccumulation[250]
COMMENT,,,-_-$N- Phase,,LDPAccumulation[251]
COMMENT,,,MWSPreLD_T313$NCIPPhase Phase,,LDPAccumulation[252]
COMMENT,,,HWSPreLD_T307$NCIPPhase Phase,,LDPAccumulation[253]
COMMENT,,,-_-$N- Phase,,LDPAccumulation[254]
COMMENT,,,T308_T315$NTransferPhase Phase,,LDPAccumulation[255]
COMMENT,,,T307_T314$NTransferPhase Phase,,LDPAccumulation[256]
COMMENT,,,T306_T313$NTransferPhase Phase,,LDPAccumulation[257]
COMMENT,,,T202_VM4H1$NTransferPhase Phase,,LDPAccumulation[258]
COMMENT,,,T202_T313$NTransferPhase Phase,,LDPAccumulation[259]
COMMENT,,,T202_T314$NTransferPhase Phase,,LDPAccumulation[260]
COMMENT,,,T202_T315$NTransferPhase Phase,,LDPAccumulation[261]
COMMENT,,,T202_VM4H2$NTransferPhase Phase,,LDPAccumulation[262]
COMMENT,,,MWSPreLD_T313$NCleanPhase Phase,,LDPAccumulation[263]
COMMENT,,,MWSPreLD_T307$NCleanPhase Phase,,LDPAccumulation[264]
COMMENT,,,-_-$N- Phase,,LDPAccumulation[265]
COMMENT,,,MWSPreLD_T313$NSanitizePhase Phase,,LDPAccumulation[266]
COMMENT,,,MWSPreLD_T307$NSanitizePhase Phase,,LDPAccumulation[267]
COMMENT,,,-_-$N- Phase,,LDPAccumulation[268]
COMMENT,,,T315_HeatOn$NProcessPhase Phase,,LDPAccumulation[269]
COMMENT,,,T315_HeatOff$NStopPhase Phase,,LDPAccumulation[270]
COMMENT,,,T314_HeatOn$NProcessPhase Phase,,LDPAccumulation[271]
COMMENT,,,T314_HeatOff$NStopPhase Phase,,LDPAccumulation[272]
COMMENT,,,T313_HeatOn$NProcessPhase Phase,,LDPAccumulation[273]
COMMENT,,,T313_HeatOff$NStopPhase Phase,,LDPAccumulation[274]
COMMENT,,,-_-$N- Phase,,LDPAccumulation[275]
COMMENT,,,T313_AgitOn$NAgitation On Turbine Phase,,LDPAccumulation[276]
COMMENT,,,T313_AgitSp$NAgititation Speed Turbine Phase,,LDPAccumulation[277]
COMMENT,,,T313_AgitOff$NStopPhase Turbine Phase,,LDPAccumulation[278]
COMMENT,,,-_-$N- Phase,,LDPAccumulation[279]
COMMENT,,,T315_CoolOn$NProcessPhase Phase,,LDPAccumulation[280]
COMMENT,,,T315_CoolOff$NStopPhase Phase,,LDPAccumulation[281]
COMMENT,,,T314_CoolOn$NProcessPhase Phase,,LDPAccumulation[282]
COMMENT,,,T314_CoolOff$NStopPhase Phase,,LDPAccumulation[283]
COMMENT,,,T313_CoolOn$NProcessPhase Phase,,LDPAccumulation[284]
COMMENT,,,T313_CoolOff$NStopPhase Phase,,LDPAccumulation[285]
COMMENT,,,-_-$N- Phase,,LDPAccumulation[286]
COMMENT,,,CWSPreLD_T315$NTransferPhase Phase,,LDPAccumulation[287]
COMMENT,,,CWSPreLD_T314$NTransferPhase Phase,,LDPAccumulation[288]
COMMENT,,,CWSPreLD_T308$NTransferPhase Phase,,LDPAccumulation[289]
COMMENT,,,CWSPreLD_T306$NTransferPhase Phase,,LDPAccumulation[290]
COMMENT,,,CWSPreLD_T313$NTransferPhase Phase,,LDPAccumulation[291]
COMMENT,,,CWSPreLD_T307$NTransferPhase Phase,,LDPAccumulation[292]
COMMENT,,,CWSPreLD_M490Old$NTransferPhase Phase,,LDPAccumulation[293]
COMMENT,,,CWSPreLD_VM4H1$NTransferPhase Phase,,LDPAccumulation[294]
COMMENT,,,CWSPreLD_VM4H2$NTransferPhase Phase,,LDPAccumulation[295]
COMMENT,,,-_-$N- Phase,,LDPAccumulation[296]
COMMENT,,,-_-$N- Phase,,LDPAccumulation[297]
COMMENT,,,T203_VM4H1$NTransferPhase Phase,,LDPAccumulation[298]
COMMENT,,,T203_VM4H2$NTransferPhase Phase,,LDPAccumulation[299]
COMMENT,,,-_-$N- Phase,,LDPAccumulation[300]
COMMENT,,,-_-$N- Phase,,LDPAccumulation[301]
COMMENT,,,-_-$N- Phase,,LDPAccumulation[302]
COMMENT,,,LDWW_T9212$NPhase Phase,,LDPAccumulation[303]
COMMENT,,,-_-$N- Phase,,LDPAccumulation[304]
COMMENT,,,MWSVM3A_T501$NCleanPhase Phase,,LDPAccumulation[305]
COMMENT,,,MWSVM3A_T502$NCleanPhase Phase,,LDPAccumulation[306]
COMMENT,,,MWSVM3A_T504$NCleanPhase Phase,,LDPAccumulation[307]
COMMENT,,,MWSVM3A_T505$NCleanPhase Phase,,LDPAccumulation[308]
COMMENT,,,MWSVM3A_T506$NCleanPhase Phase,,LDPAccumulation[309]
COMMENT,,,T501_AgitOn$NAgitation On Turbine Phase,,LDPAccumulation[310]
COMMENT,,,T501_AgitSp$NAgititation Speed Turbine Phase,,LDPAccumulation[311]
COMMENT,,,T501_CoolOn$NProcessPhase Phase,,LDPAccumulation[312]
COMMENT,,,T501_Drain$NDrainPhase Phase,,LDPAccumulation[313]
COMMENT,,,T501_HeatOn$NProcessPhase Phase,,LDPAccumulation[314]
COMMENT,,,T501_AgitOff$NStopPhase Turbine Phase,,LDPAccumulation[315]
COMMENT,,,T501_CoolOff$NStopPhase Phase,,LDPAccumulation[316]
COMMENT,,,T501_HeatOff$NStopPhase Phase,,LDPAccumulation[317]
COMMENT,,,T501_VM5H4$NTransferPhase Phase,,LDPAccumulation[318]
COMMENT,,,T501_Filler5B$NTransferPhase Phase,,LDPAccumulation[319]
COMMENT,,,T501_Filler5C$NTransferPhase Phase,,LDPAccumulation[320]
COMMENT,,,T501_Filler6$NTransferPhase Phase,,LDPAccumulation[321]
COMMENT,,,T501_VM5H3$NTransferPhase Phase,,LDPAccumulation[322]
COMMENT,,,T501_StopDrain$NStopPhase Phase,,LDPAccumulation[323]
COMMENT,,,T501_DrainConnection$NConnectionPhase Phase,,LDPAccumulation[324]
COMMENT,,,T502_AgitOn$NAgitation On Turbine Phase,,LDPAccumulation[325]
COMMENT,,,T502_AgitSp$NAgititation Speed Turbine Phase,,LDPAccumulation[326]
COMMENT,,,T502_CoolOn$NProcessPhase Phase,,LDPAccumulation[327]
COMMENT,,,T502_Drain$NDrainPhase Phase,,LDPAccumulation[328]
COMMENT,,,T502_HeatOn$NProcessPhase Phase,,LDPAccumulation[329]
COMMENT,,,T502_AgitOff$NStopPhase Turbine Phase,,LDPAccumulation[330]
COMMENT,,,T502_CoolOff$NStopPhase Phase,,LDPAccumulation[331]
COMMENT,,,T502_HeatOff$NStopPhase Phase,,LDPAccumulation[332]
COMMENT,,,T502_VM5H3$NTransferPhase Phase,,LDPAccumulation[333]
COMMENT,,,T502_Filler5B$NTransferPhase Phase,,LDPAccumulation[334]
COMMENT,,,T502_Filler5C$NTransferPhase Phase,,LDPAccumulation[335]
COMMENT,,,T502_Filler6$NTransferPhase Phase,,LDPAccumulation[336]
COMMENT,,,T502_VM5H4$NTransferPhase Phase,,LDPAccumulation[337]
COMMENT,,,T502_StopDrain$NStopPhase Phase,,LDPAccumulation[338]
COMMENT,,,T502_DrainConnection$NConnectionPhase Phase,,LDPAccumulation[339]
COMMENT,,,T504_AgitOn$NAgitation On Turbine Phase,,LDPAccumulation[340]
COMMENT,,,T504_AgitSp$NAgititation Speed Turbine Phase,,LDPAccumulation[341]
COMMENT,,,T504_CoolOn$NProcessPhase Phase,,LDPAccumulation[342]
COMMENT,,,T504_Drain$NDrainPhase Phase,,LDPAccumulation[343]
COMMENT,,,T504_HeatOn$NProcessPhase Phase,,LDPAccumulation[344]
COMMENT,,,T504_AgitOff$NStopPhase Turbine Phase,,LDPAccumulation[345]
COMMENT,,,T504_CoolOff$NStopPhase Phase,,LDPAccumulation[346]
COMMENT,,,T504_HeatOff$NStopPhase Phase,,LDPAccumulation[347]
COMMENT,,,T504_VM5H4$NTransferPhase Phase,,LDPAccumulation[348]
COMMENT,,,T504_Filler5B$NTransferPhase Phase,,LDPAccumulation[349]
COMMENT,,,T504_Filler5C$NTransferPhase Phase,,LDPAccumulation[350]
COMMENT,,,T504_Filler6$NTransferPhase Phase,,LDPAccumulation[351]
COMMENT,,,T504_VM5H3$NTransferPhase Phase,,LDPAccumulation[352]
COMMENT,,,T504_StopDrain$NStopPhase Phase,,LDPAccumulation[353]
COMMENT,,,T504_DrainConnection$NConnectionPhase Phase,,LDPAccumulation[354]
COMMENT,,,T505_AgitOn$NAgitation On Turbine Phase,,LDPAccumulation[355]
COMMENT,,,T505_AgitSp$NAgititation Speed Turbine Phase,,LDPAccumulation[356]
COMMENT,,,T505_CoolOn$NProcessPhase Phase,,LDPAccumulation[357]
COMMENT,,,T505_Drain$NDrainPhase Phase,,LDPAccumulation[358]
COMMENT,,,T505_HeatOn$NProcessPhase Phase,,LDPAccumulation[359]
COMMENT,,,T505_AgitOff$NStopPhase Turbine Phase,,LDPAccumulation[360]
COMMENT,,,T505_CoolOff$NStopPhase Phase,,LDPAccumulation[361]
COMMENT,,,T505_HeatOff$NStopPhase Phase,,LDPAccumulation[362]
COMMENT,,,T505_VM5H4$NTransferPhase Phase,,LDPAccumulation[363]
COMMENT,,,T505_Filler5B$NTransferPhase Phase,,LDPAccumulation[364]
COMMENT,,,T505_Filler5C$NTransferPhase Phase,,LDPAccumulation[365]
COMMENT,,,T505_Filler6$NTransferPhase Phase,,LDPAccumulation[366]
COMMENT,,,T505_VM5H3$NTransferPhase Phase,,LDPAccumulation[367]
COMMENT,,,T505_StopDrain$NStopPhase Phase,,LDPAccumulation[368]
COMMENT,,,T505_DrainConnection$NConnectionPhase Phase,,LDPAccumulation[369]
COMMENT,,,T506_AgitOn$NAgitation On Turbine Phase,,LDPAccumulation[370]
COMMENT,,,T506_AgitSp$NAgititation Speed Turbine Phase,,LDPAccumulation[371]
COMMENT,,,T506_CoolOn$NProcessPhase Phase,,LDPAccumulation[372]
COMMENT,,,T506_Drain$NDrainPhase Phase,,LDPAccumulation[373]
COMMENT,,,T506_HeatOn$NProcessPhase Phase,,LDPAccumulation[374]
COMMENT,,,T506_AgitOff$NStopPhase Turbine Phase,,LDPAccumulation[375]
COMMENT,,,T506_CoolOff$NStopPhase Phase,,LDPAccumulation[376]
COMMENT,,,T506_HeatOff$NStopPhase Phase,,LDPAccumulation[377]
COMMENT,,,T506_VM5H4$NTransferPhase Phase,,LDPAccumulation[378]
COMMENT,,,T506_Filler5B$NTransferPhase Phase,,LDPAccumulation[379]
COMMENT,,,T506_Filler5C$NTransferPhase Phase,,LDPAccumulation[380]
COMMENT,,,T506_Filler6$NTransferPhase Phase,,LDPAccumulation[381]
COMMENT,,,T506_VM5H3$NTransferPhase Phase,,LDPAccumulation[382]
COMMENT,,,T506_StopDrain$NStopPhase Phase,,LDPAccumulation[383]
COMMENT,,,T506_DrainConnection$NConnectionPhase Phase,,LDPAccumulation[384]
COMMENT,,,T204_VM3H1$NTransferPhase Phase,,LDPAccumulation[385]
COMMENT,,,T204_VM3H2$NTransferPhase Phase,,LDPAccumulation[386]
COMMENT,,,T204_VM3H3$NTransferPhase Phase,,LDPAccumulation[387]
COMMENT,,,T204_VM4H1$NTransferPhase Phase,,LDPAccumulation[388]
COMMENT,,,T204_VM4H2$NTransferPhase Phase,,LDPAccumulation[389]
COMMENT,,,T205_VM3H1$NTransferPhase Phase,,LDPAccumulation[390]
COMMENT,,,T205_VM3H2$NTransferPhase Phase,,LDPAccumulation[391]
COMMENT,,,T205_VM3H3$NTransferPhase Phase,,LDPAccumulation[392]
COMMENT,,,T206_VM3H1$NTransferPhase Phase,,LDPAccumulation[393]
COMMENT,,,T206_VM3H2$NTransferPhase Phase,,LDPAccumulation[394]
COMMENT,,,T206_VM3H3$NTransferPhase Phase,,LDPAccumulation[395]
COMMENT,,,T207_VM3H1$NTransferPhase Phase,,LDPAccumulation[396]
COMMENT,,,T207_VM3H2$NTransferPhase Phase,,LDPAccumulation[397]
COMMENT,,,T207_VM3H3$NTransferPhase Phase,,LDPAccumulation[398]
COMMENT,,,T208_VM3H1$NTransferPhase Phase,,LDPAccumulation[399]
COMMENT,,,T208_VM3H2$NTransferPhase Phase,,LDPAccumulation[400]
COMMENT,,,T208_VM3H3$NTransferPhase Phase,,LDPAccumulation[401]
COMMENT,,,-_-$N- Phase,,LDPAccumulation[402]
COMMENT,,,T219_VM3H1$NTransferPhase Phase,,LDPAccumulation[403]
COMMENT,,,T219_VM3H2$NTransferPhase Phase,,LDPAccumulation[404]
COMMENT,,,T219_VM3H3$NTransferPhase Phase,,LDPAccumulation[405]
COMMENT,,,T304_VM3H1$NTransferPhase Phase,,LDPAccumulation[406]
COMMENT,,,T304_VM3H2$NTransferPhase Phase,,LDPAccumulation[407]
COMMENT,,,T304_VM3H3$NTransferPhase Phase,,LDPAccumulation[408]
COMMENT,,,T301_VM5H2$NTransferPhase Phase,,LDPAccumulation[409]
COMMENT,,,T301_VM3H1$NTransferPhase Phase,,LDPAccumulation[410]
COMMENT,,,T302_VM3H2$NTransferPhase Phase,,LDPAccumulation[411]
COMMENT,,,T302_VM3H3$NTransferPhase Phase,,LDPAccumulation[412]
COMMENT,,,T302_VM5H2$NTransferPhase Phase,,LDPAccumulation[413]
COMMENT,,,T302_VM3H2$NTransferPhase Phase,,LDPAccumulation[414]
COMMENT,,,T303_VM3H2$NTransferPhase Phase,,LDPAccumulation[415]
COMMENT,,,T303_VM3H3$NTransferPhase Phase,,LDPAccumulation[416]
COMMENT,,,T303_VM5H2$NTransferPhase Phase,,LDPAccumulation[417]
COMMENT,,,T303_VM3H3$NTransferPhase Phase,,LDPAccumulation[418]
COMMENT,,,T304_VM3H2$NTransferPhase Phase,,LDPAccumulation[419]
COMMENT,,,T304_VM3H3$NTransferPhase Phase,,LDPAccumulation[420]
COMMENT,,,T304_VM5H2$NTransferPhase Phase,,LDPAccumulation[421]
COMMENT,,,T312_VM3H1$NTransferPhase Phase,,LDPAccumulation[422]
COMMENT,,,T312_VM3H2$NTransferPhase Phase,,LDPAccumulation[423]
COMMENT,,,T312_VM3H3$NTransferPhase Phase,,LDPAccumulation[424]
COMMENT,,,T313_Drain$NDrainPhase Phase,,LDPAccumulation[425]
COMMENT,,,T314_Drain$NDrainPhase Phase,,LDPAccumulation[426]
COMMENT,,,T315_Drain$NDrainPhase Phase,,LDPAccumulation[427]
COMMENT,,,T319_Drain$NDrainPhase Phase,,LDPAccumulation[428]
COMMENT,,,T322_VM3H1$NTransferPhase Phase,,LDPAccumulation[429]
COMMENT,,,T322_VM3H2$NTransferPhase Phase,,LDPAccumulation[430]
COMMENT,,,T322_VM3H3$NTransferPhase Phase,,LDPAccumulation[431]
COMMENT,,,-_-$N- Phase,,LDPAccumulation[432]
COMMENT,,,-_-$N- Phase,,LDPAccumulation[433]
COMMENT,,,-_-$N- Phase,,LDPAccumulation[434]
COMMENT,,,T325-VM3_VM3H1$NTransferPhase Phase,,LDPAccumulation[435]
COMMENT,,,T325-VM3_VM3H2$NTransferPhase Phase,,LDPAccumulation[436]
COMMENT,,,T325-VM3_VM3H3$NTransferPhase Phase,,LDPAccumulation[437]
COMMENT,,,-_-$N- Phase,,LDPAccumulation[438]
COMMENT,,,T341_SLES$NTransferPhase Phase,,LDPAccumulation[439]
COMMENT,,,-_-$N- Phase,,LDPAccumulation[440]
COMMENT,,,T342-VM3_VM3H1$NTransferPhase Phase,,LDPAccumulation[441]
COMMENT,,,T342-VM3_VM3H2$NTransferPhase Phase,,LDPAccumulation[442]
COMMENT,,,T342-VM3_VM3H3$NTransferPhase Phase,,LDPAccumulation[443]
COMMENT,,,-_-$N- Phase,,LDPAccumulation[444]
COMMENT,,,T343-VM3_VM3H1$NTransferPhase Phase,,LDPAccumulation[445]
COMMENT,,,T343-VM3_VM3H2$NTransferPhase Phase,,LDPAccumulation[446]
COMMENT,,,T343-VM3_VM3H3$NTransferPhase Phase,,LDPAccumulation[447]
COMMENT,,,-_-$N- Phase,,LDPAccumulation[448]
COMMENT,,,T501_Filler5A$NTransferPhase Phase,,LDPAccumulation[449]
COMMENT,,,T502_Filler5A$NTransferPhase Phase,,LDPAccumulation[450]
COMMENT,,,T504_Filler5A$NTransferPhase Phase,,LDPAccumulation[451]
COMMENT,,,T505_Filler5A$NTransferPhase Phase,,LDPAccumulation[452]
COMMENT,,,T506_Filler5A$NTransferPhase Phase,,LDPAccumulation[453]
COMMENT,,,T446_Filler5C$NTransferPhase Phase,,LDPAccumulation[454]
COMMENT,,,T601_VM6H1$NTransferPhase Phase,,LDPAccumulation[455]
COMMENT,,,T601_VM6H2$NTransferPhase Phase,,LDPAccumulation[456]
COMMENT,,,T601_VM6H3$NTransferPhase Phase,,LDPAccumulation[457]
COMMENT,,,T601_VM6H4$NTransferPhase Phase,,LDPAccumulation[458]
COMMENT,,,T601_VM6H5$NTransferPhase Phase,,LDPAccumulation[459]
COMMENT,,,T602_VM6H1$NTransferPhase Phase,,LDPAccumulation[460]
COMMENT,,,T602_VM6H2$NTransferPhase Phase,,LDPAccumulation[461]
COMMENT,,,T602_VM6H3$NTransferPhase Phase,,LDPAccumulation[462]
COMMENT,,,T602_VM6H4$NTransferPhase Phase,,LDPAccumulation[463]
COMMENT,,,T602_VM6H5$NTransferPhase Phase,,LDPAccumulation[464]
COMMENT,,,T603_VM6H1$NTransferPhase Phase,,LDPAccumulation[465]
COMMENT,,,T603_VM6H2$NTransferPhase Phase,,LDPAccumulation[466]
COMMENT,,,T603_VM6H3$NTransferPhase Phase,,LDPAccumulation[467]
COMMENT,,,T603_VM6H4$NTransferPhase Phase,,LDPAccumulation[468]
COMMENT,,,T603_VM6H5$NTransferPhase Phase,,LDPAccumulation[469]
COMMENT,,,VM3H1_T501$NTransferPhase Phase,,LDPAccumulation[470]
COMMENT,,,VM3H1_T502$NTransferPhase Phase,,LDPAccumulation[471]
COMMENT,,,VM3H1_T504$NTransferPhase Phase,,LDPAccumulation[472]
COMMENT,,,VM3H1_T505$NTransferPhase Phase,,LDPAccumulation[473]
COMMENT,,,VM3H1_T506$NTransferPhase Phase,,LDPAccumulation[474]
COMMENT,,,VM3H2_T501$NTransferPhase Phase,,LDPAccumulation[475]
COMMENT,,,VM3H2_T502$NTransferPhase Phase,,LDPAccumulation[476]
COMMENT,,,VM3H2_T504$NTransferPhase Phase,,LDPAccumulation[477]
COMMENT,,,VM3H2_T505$NTransferPhase Phase,,LDPAccumulation[478]
COMMENT,,,VM3H2_T506$NTransferPhase Phase,,LDPAccumulation[479]
COMMENT,,,VM3H3_T501$NTransferPhase Phase,,LDPAccumulation[480]
COMMENT,,,VM3H3_T502$NTransferPhase Phase,,LDPAccumulation[481]
COMMENT,,,VM3H3_T504$NTransferPhase Phase,,LDPAccumulation[482]
COMMENT,,,VM3H3_T505$NTransferPhase Phase,,LDPAccumulation[483]
COMMENT,,,VM3H3_T506$NTransferPhase Phase,,LDPAccumulation[484]
COMMENT,,,VM3H1_T501$NStopPhase Phase,,LDPAccumulation[485]
COMMENT,,,VM3H1_T502$NStopPhase Phase,,LDPAccumulation[486]
COMMENT,,,VM3H1_T504$NStopPhase Phase,,LDPAccumulation[487]
COMMENT,,,VM3H1_T505$NStopPhase Phase,,LDPAccumulation[488]
COMMENT,,,VM3H1_T506$NStopPhase Phase,,LDPAccumulation[489]
COMMENT,,,VM3H1_T501$NTransferPhase Phase,,LDPAccumulation[490]
COMMENT,,,VM3H1_T502$NTransferPhase Phase,,LDPAccumulation[491]
COMMENT,,,VM3H1_T504$NTransferPhase Phase,,LDPAccumulation[492]
COMMENT,,,VM3H1_T505$NTransferPhase Phase,,LDPAccumulation[493]
COMMENT,,,VM3H1_T506$NTransferPhase Phase,,LDPAccumulation[494]
COMMENT,,,VM3H2_T501$NStopPhase Phase,,LDPAccumulation[495]
COMMENT,,,VM3H2_T502$NStopPhase Phase,,LDPAccumulation[496]
COMMENT,,,VM3H2_T504$NStopPhase Phase,,LDPAccumulation[497]
COMMENT,,,VM3H2_T505$NStopPhase Phase,,LDPAccumulation[498]
COMMENT,,,VM3H2_T506$NStopPhase Phase,,LDPAccumulation[499]
COMMENT,,,VM3H3_T501$NStopPhase Phase,,LDPAccumulation[500]
COMMENT,,,VM3H3_T502$NStopPhase Phase,,LDPAccumulation[501]
COMMENT,,,VM3H3_T504$NStopPhase Phase,,LDPAccumulation[502]
COMMENT,,,VM3H3_T505$NStopPhase Phase,,LDPAccumulation[503]
COMMENT,,,VM3H3_T506$NStopPhase Phase,,LDPAccumulation[504]
COMMENT,,,VM5H1_T601$NTransferPhase Phase,,LDPAccumulation[505]
COMMENT,,,VM5H1_T602$NTransferPhase Phase,,LDPAccumulation[506]
COMMENT,,,VM5H1_T603$NTransferPhase Phase,,LDPAccumulation[507]
COMMENT,,,VM5H2_T601$NTransferPhase Phase,,LDPAccumulation[508]
COMMENT,,,VM5H2_T602$NTransferPhase Phase,,LDPAccumulation[509]
COMMENT,,,VM5H2_T603$NTransferPhase Phase,,LDPAccumulation[510]
COMMENT,,,VM5H3_T601$NTransferPhase Phase,,LDPAccumulation[511]
COMMENT,,,VM5H3_T602$NTransferPhase Phase,,LDPAccumulation[512]
COMMENT,,,VM5H3_T603$NTransferPhase Phase,,LDPAccumulation[513]
COMMENT,,,VM5H4_T601$NTransferPhase Phase,,LDPAccumulation[514]
COMMENT,,,VM5H4_T602$NTransferPhase Phase,,LDPAccumulation[515]
COMMENT,,,VM5H4_T603$NTransferPhase Phase,,LDPAccumulation[516]
COMMENT,,,VM5H5_T601$NTransferPhase Phase,,LDPAccumulation[517]
COMMENT,,,VM5H5_T602$NTransferPhase Phase,,LDPAccumulation[518]
COMMENT,,,VM5H5_T603$NTransferPhase Phase,,LDPAccumulation[519]
COMMENT,,,VM6H1_Filler5A$NTransferPhase Phase,,LDPAccumulation[520]
COMMENT,,,VM6H1_Filler5B$NTransferPhase Phase,,LDPAccumulation[521]
COMMENT,,,VM6H1_Filler5C$NTransferPhase Phase,,LDPAccumulation[522]
COMMENT,,,VM6H1_Filler6$NTransferPhase Phase,,LDPAccumulation[523]
COMMENT,,,VM6H5_T301$NTransferPhase Phase,,LDPAccumulation[524]
COMMENT,,,VM6H5_T302$NTransferPhase Phase,,LDPAccumulation[525]
COMMENT,,,VM6H5_T303$NTransferPhase Phase,,LDPAccumulation[526]
COMMENT,,,VM6H5_T304$NTransferPhase Phase,,LDPAccumulation[527]
COMMENT,,,VM6H2_Filler5A$NTransferPhase Phase,,LDPAccumulation[528]
COMMENT,,,VM6H2_Filler5B$NTransferPhase Phase,,LDPAccumulation[529]
COMMENT,,,VM6H2_Filler5C$NTransferPhase Phase,,LDPAccumulation[530]
COMMENT,,,VM6H2_Filler6$NTransferPhase Phase,,LDPAccumulation[531]
COMMENT,,,VM6H3_VM3H3$NTransferPhase Phase,,LDPAccumulation[532]
COMMENT,,,VM6H3_VM3H1$NTransferPhase Phase,,LDPAccumulation[533]
COMMENT,,,VM6H3_VM3H2$NTransferPhase Phase,,LDPAccumulation[534]
COMMENT,,,VM6H4_VM3H1$NTransferPhase Phase,,LDPAccumulation[535]
COMMENT,,,VM6H4_VM3H2$NTransferPhase Phase,,LDPAccumulation[536]
COMMENT,,,VM6H4_VM3H3$NTransferPhase Phase,,LDPAccumulation[537]
COMMENT,,,VM6H5_T301$NTransferPhase Phase,,LDPAccumulation[538]
COMMENT,,,VM6H5_T302$NTransferPhase Phase,,LDPAccumulation[539]
COMMENT,,,VM6H5_T303$NTransferPhase Phase,,LDPAccumulation[540]
COMMENT,,,VM6HW_Filler5A$NTransferPhase Phase,,LDPAccumulation[541]
COMMENT,,,VM6HW_Filler5B$NTransferPhase Phase,,LDPAccumulation[542]
COMMENT,,,VM6HW_Filler5C$NTransferPhase Phase,,LDPAccumulation[543]
COMMENT,,,VM6HW_Filler6$NTransferPhase Phase,,LDPAccumulation[544]
COMMENT,,,MWSPreLD_T306$NWaterAdd Phase,,LDPAccumulation[546]
COMMENT,,,MWSPreLD_T307$NWaterAdd Phase,,LDPAccumulation[547]
COMMENT,,,MWSPreLD_T308$NWaterAdd Phase,,LDPAccumulation[548]
COMMENT,,,MWSPreLD_T313$NWaterAdd Phase,,LDPAccumulation[549]
COMMENT,,,MWSPreLD_T314$NWaterAdd Phase,,LDPAccumulation[550]
COMMENT,,,MWSPreLD_T319$NWaterAdd Phase,,LDPAccumulation[551]
COMMENT,,,MWSVM3A_VM3H1$NWaterAdd Phase,,LDPAccumulation[552]
COMMENT,,,Steam_VM3H3$NTransferPhase Phase,,LDPAccumulation[553]
COMMENT,,,Steam_VM3H2$NTransferPhase Phase,,LDPAccumulation[554]
COMMENT,,,Steam_VM3H1$NTransferPhase Phase,,LDPAccumulation[555]
COMMENT,,,MWSVM3B_VM3H2$NWaterAdd Phase,,LDPAccumulation[556]
COMMENT,,,VM3H3_Drain$NStopPhase Phase,,LDPAccumulation[557]
COMMENT,,,VM3H1_Drain$NStopPhase Phase,,LDPAccumulation[558]
COMMENT,,,MWSVM3C_VM3H2$NWaterAdd Phase,,LDPAccumulation[559]
COMMENT,,,VM3H2_Drain$NStopPhase Phase,,LDPAccumulation[560]
COMMENT,,,-_-$N- Phase,,LDPAccumulation[561]
COMMENT,,,-_-$N- Phase,,LDPAccumulation[562]
COMMENT,,,MWSVM4A_VM4H1$NWaterAdd Phase,,LDPAccumulation[563]
COMMENT,,,-_-$N- Phase,,LDPAccumulation[564]
COMMENT,,,-_-$N- Phase,,LDPAccumulation[565]
COMMENT,,,-_-$N- Phase,,LDPAccumulation[566]
COMMENT,,,MWSVM4B_VM4H2$NWaterAdd Phase,,LDPAccumulation[567]
COMMENT,,,MWSVM6A_VM6H1$NCleanPhase Phase,,LDPAccumulation[568]
COMMENT,,,MWSVM6A_VM6H1$NWaterAdd Phase,,LDPAccumulation[569]
COMMENT,,,MWSVM6A_VM6H2$NCleanPhase Phase,,LDPAccumulation[570]
COMMENT,,,MWSVM6A_VM6H2$NWaterAdd Phase,,LDPAccumulation[571]
COMMENT,,,MWSVM6A_VM6HW$NCleanPhase Phase,,LDPAccumulation[572]
COMMENT,,,MWSVM6A_VM6HW$NWaterAdd Phase,,LDPAccumulation[573]
COMMENT,,,MWSVM6B_VM6H1$NCleanPhase Phase,,LDPAccumulation[574]
COMMENT,,,MWSVM6B_VM6H1$NWaterAdd Phase,,LDPAccumulation[575]
COMMENT,,,MWSVM6B_VM6H2$NCleanPhase Phase,,LDPAccumulation[576]
COMMENT,,,MWSVM6B_VM6H2$NWaterAdd Phase,,LDPAccumulation[577]
COMMENT,,,MWSVM6B_VM6HW$NCleanPhase Phase,,LDPAccumulation[578]
COMMENT,,,MWSVM6B_VM6HW$NWaterAdd Phase,,LDPAccumulation[579]
COMMENT,,,Filler5A_VM5H5$NTransferPhase Phase,,LDPAccumulation[580]
COMMENT,,,-_-$N- Phase,,LDPAccumulation[581]
COMMENT,,,Filler5B_VM5H5$NTransferPhase Phase,,LDPAccumulation[582]
COMMENT,,,-_-$N- Phase,,LDPAccumulation[583]
COMMENT,,,Filler5C_VM5H5$NTransferPhase Phase,,LDPAccumulation[584]
COMMENT,,,-_-$N- Phase,,LDPAccumulation[585]
COMMENT,,,Filler6_VM5H5$NTransferPhase Phase,,LDPAccumulation[586]
COMMENT,,,-_-$N- Phase,,LDPAccumulation[587]
COMMENT,,,CWSBW_T601$NTransferPhase Phase,,LDPAccumulation[588]
COMMENT,,,CWSBW_T602$NTransferPhase Phase,,LDPAccumulation[589]
COMMENT,,,CWSBW_T603$NTransferPhase Phase,,LDPAccumulation[590]
COMMENT,,,CWSPreLD_T303$NTransferPhase Phase,,LDPAccumulation[591]
COMMENT,,,CWSPreLD_T304$NTransferPhase Phase,,LDPAccumulation[592]
COMMENT,,,CWSPreLD_TriBlend$NTransferPhase Phase,,LDPAccumulation[593]
COMMENT,,,CWSPreLD_T301$NTransferPhase Phase,,LDPAccumulation[594]
COMMENT,,,CWSPreLD_T302$NTransferPhase Phase,,LDPAccumulation[595]
COMMENT,,,HWSCIP_T601$NTransferPhase Phase,,LDPAccumulation[596]
COMMENT,,,HWSCIP_T602$NTransferPhase Phase,,LDPAccumulation[597]
COMMENT,,,HWSCIP_T603$NTransferPhase Phase,,LDPAccumulation[598]
COMMENT,,,-_-$N- Phase,,LDPAccumulation[599]
COMMENT,,,MWSPreLD_T315$NWaterAdd Phase,,LDPAccumulation[600]
COMMENT,,,HWSVM1_Filler5C$NCleanPhase Phase,,LDPAccumulation[601]
COMMENT,,,HWSVM1_Filler5C$NSanitizePhase Phase,,LDPAccumulation[602]
COMMENT,,,MWSVM4A_VM4H1$NSanitizePhase Phase,,LDPAccumulation[603]
COMMENT,,,MWSVM4B_VM4H2$NSanitizePhase Phase,,LDPAccumulation[604]
COMMENT,,,MWSVM6A_VM6H1$NSanitizePhase Phase,,LDPAccumulation[605]
COMMENT,,,-_-$N- Phase,,LDPAccumulation[606]
COMMENT,,,MWSVM6A_VM6H2$NSanitizePhase Phase,,LDPAccumulation[607]
COMMENT,,,-_-$N- Phase,,LDPAccumulation[608]
COMMENT,,,MWSVM6A_VM6HW$NSanitizePhase Phase,,LDPAccumulation[609]
COMMENT,,,-_-$N- Phase,,LDPAccumulation[610]
COMMENT,,,MWSVM6B_VM6H1$NSanitizePhase Phase,,LDPAccumulation[611]
COMMENT,,,-_-$N- Phase,,LDPAccumulation[612]
COMMENT,,,MWSVM6B_VM6H2$NSanitizePhase Phase,,LDPAccumulation[613]
COMMENT,,,-_-$N- Phase,,LDPAccumulation[614]
COMMENT,,,MWSVM6B_VM6HW$NSanitizePhase Phase,,LDPAccumulation[615]
COMMENT,,,-_-$N- Phase,,LDPAccumulation[616]
COMMENT,,,T301_Drain$NDrainPhase Phase,,LDPAccumulation[617]
COMMENT,,,T302_Drain$NDrainPhase Phase,,LDPAccumulation[618]
COMMENT,,,T303_Drain$NDrainPhase Phase,,LDPAccumulation[619]
COMMENT,,,T304_Drain$NDrainPhase Phase,,LDPAccumulation[620]
COMMENT,,,VM5H1_T601$NStopDrain Phase,,LDPAccumulation[621]
COMMENT,,,VM5H1_T602$NStopDrain Phase,,LDPAccumulation[622]
COMMENT,,,VM5H1_T603$NStopDrain Phase,,LDPAccumulation[623]
COMMENT,,,VM5H2_T601$NStopDrain Phase,,LDPAccumulation[624]
COMMENT,,,VM5H2_T602$NStopDrain Phase,,LDPAccumulation[625]
COMMENT,,,VM5H2_T603$NStopDrain Phase,,LDPAccumulation[626]
COMMENT,,,VM5H3_T601$NStopDrain Phase,,LDPAccumulation[627]
COMMENT,,,VM5H3_T602$NStopDrain Phase,,LDPAccumulation[628]
COMMENT,,,VM5H3_T603$NStopDrain Phase,,LDPAccumulation[629]
COMMENT,,,VM5H4_T601$NStopDrain Phase,,LDPAccumulation[630]
COMMENT,,,VM5H4_T602$NStopDrain Phase,,LDPAccumulation[631]
COMMENT,,,VM5H4_T603$NStopDrain Phase,,LDPAccumulation[632]
COMMENT,,,VM5H5_T601$NStopDrain Phase,,LDPAccumulation[633]
COMMENT,,,VM5H5_T602$NStopDrain Phase,,LDPAccumulation[634]
COMMENT,,,VM5H5_T603$NStopDrain Phase,,LDPAccumulation[635]
COMMENT,,,VM5H1_T601$NDrainPhase Phase,,LDPAccumulation[636]
COMMENT,,,VM5H1_T602$NDrainPhase Phase,,LDPAccumulation[637]
COMMENT,,,VM5H1_T603$NDrainPhase Phase,,LDPAccumulation[638]
COMMENT,,,VM5H2_T601$NDrainPhase Phase,,LDPAccumulation[639]
COMMENT,,,VM5H2_T602$NDrainPhase Phase,,LDPAccumulation[640]
COMMENT,,,VM5H2_T603$NDrainPhase Phase,,LDPAccumulation[641]
COMMENT,,,VM5H3_Drain$NDrainPhase Phase,,LDPAccumulation[642]
COMMENT,,,VM5H3_Drain$NDrainPhase Phase,,LDPAccumulation[643]
COMMENT,,,VM5H3_Drain$NDrainPhase Phase,,LDPAccumulation[644]
COMMENT,,,VM5H4_Drain$NDrainPhase Phase,,LDPAccumulation[645]
COMMENT,,,VM5H4_Drain$NDrainPhase Phase,,LDPAccumulation[646]
COMMENT,,,VM5H4_Drain$NDrainPhase Phase,,LDPAccumulation[647]
COMMENT,,,VM5H5_Drain$NDrainPhase Phase,,LDPAccumulation[648]
COMMENT,,,VM5H5_Drain$NDrainPhase Phase,,LDPAccumulation[649]
COMMENT,,,VM5H5_Drain$NDrainPhase Phase,,LDPAccumulation[650]
COMMENT,,,SLES_VM5H1$NTransferPhase Phase,,LDPAccumulation[651]
COMMENT,,,VM3H1_VM5H1$NTransferPhase Phase,,LDPAccumulation[652]
COMMENT,,,VM3H2_VM5H1$NTransferPhase Phase,,LDPAccumulation[653]
COMMENT,,,VM3H3_VM5H1$NTransferPhase Phase,,LDPAccumulation[654]
COMMENT,,,T326_VM5H1$NTransferPhase Phase,,LDPAccumulation[655]
COMMENT,,,T342-VM3_VM5H1$NTransferPhase Phase,,LDPAccumulation[656]
COMMENT,,,T343-VM3_VM5H1$NTransferPhase Phase,,LDPAccumulation[657]
COMMENT,,,T344_VM5H1$NTransferPhase Phase,,LDPAccumulation[658]
COMMENT,,,T312_T601$NTransferPhase Phase,,LDPAccumulation[659]
COMMENT,,,T312_T602$NTransferPhase Phase,,LDPAccumulation[660]
COMMENT,,,T312_T603$NTransferPhase Phase,,LDPAccumulation[661]
COMMENT,,,VM4H1_T501$NTransferPhase Phase,,LDPAccumulation[662]
COMMENT,,,VM4H1_T502$NTransferPhase Phase,,LDPAccumulation[663]
COMMENT,,,VM4H1_T504$NTransferPhase Phase,,LDPAccumulation[664]
COMMENT,,,VM4H1_T505$NTransferPhase Phase,,LDPAccumulation[665]
COMMENT,,,VM4H1_T506$NTransferPhase Phase,,LDPAccumulation[666]
COMMENT,,,VM4H2_T501$NTransferPhase Phase,,LDPAccumulation[667]
COMMENT,,,VM4H2_T502$NTransferPhase Phase,,LDPAccumulation[668]
COMMENT,,,VM4H2_T504$NTransferPhase Phase,,LDPAccumulation[669]
COMMENT,,,VM4H2_T505$NTransferPhase Phase,,LDPAccumulation[670]
COMMENT,,,VM4H2_T506$NTransferPhase Phase,,LDPAccumulation[671]
COMMENT,,,VM4H1_T501$NStopPhase Phase,,LDPAccumulation[672]
COMMENT,,,VM4H1_T502$NStopPhase Phase,,LDPAccumulation[673]
COMMENT,,,VM4H1_T504$NStopPhase Phase,,LDPAccumulation[674]
COMMENT,,,VM4H1_T505$NStopPhase Phase,,LDPAccumulation[675]
COMMENT,,,VM4H1_T506$NStopPhase Phase,,LDPAccumulation[676]
COMMENT,,,VM4H2_T501$NStopPhase Phase,,LDPAccumulation[677]
COMMENT,,,VM4H2_T502$NStopPhase Phase,,LDPAccumulation[678]
COMMENT,,,VM4H2_T504$NStopPhase Phase,,LDPAccumulation[679]
COMMENT,,,VM4H2_T505$NStopPhase Phase,,LDPAccumulation[680]
COMMENT,,,VM4H2_T506$NStopPhase Phase,,LDPAccumulation[681]
COMMENT,,,T601_Unloading$NTransferPhase Phase,,LDPAccumulation[682]
COMMENT,,,T601_SLES$NTransferPhase Phase,,LDPAccumulation[683]
COMMENT,,,SLES_T342-VM3$NTransferPhase Phase,,LDPAccumulation[684]
COMMENT,,,VM5H6_T601$NTransferPhase Phase,,LDPAccumulation[685]
COMMENT,,,VM5H6_T602$NTransferPhase Phase,,LDPAccumulation[686]
COMMENT,,,VM5H6_T603$NTransferPhase Phase,,LDPAccumulation[687]
COMMENT,,,Filler5A_VM5H6$NTransferPhase Phase,,LDPAccumulation[688]
COMMENT,,,Filler5B_VM5H6$NTransferPhase Phase,,LDPAccumulation[689]
COMMENT,,,Filler5C_VM5H6$NTransferPhase Phase,,LDPAccumulation[690]
COMMENT,,,Filler6_VM5H6$NTransferPhase Phase,,LDPAccumulation[691]
COMMENT,,,VM5H6_T601$NStopDrain Phase,,LDPAccumulation[692]
COMMENT,,,VM5H6_T602$NStopDrain Phase,,LDPAccumulation[693]
COMMENT,,,VM5H6_T603$NStopDrain Phase,,LDPAccumulation[694]
COMMENT,,,VM5H6_Drain$NDrainPhase Phase,,LDPAccumulation[695]
COMMENT,,,VM5H6_Drain$NDrainPhase Phase,,LDPAccumulation[696]
COMMENT,,,VM5H6_Drain$NDrainPhase Phase,,LDPAccumulation[697]
COMMENT,,,VM5H7_T601$NTransferPhase Phase,,LDPAccumulation[698]
COMMENT,,,VM5H7_T602$NTransferPhase Phase,,LDPAccumulation[699]
COMMENT,,,VM5H7_T603$NTransferPhase Phase,,LDPAccumulation[700]
COMMENT,,,Filler5A_VM5H7$NTransferPhase Phase,,LDPAccumulation[701]
COMMENT,,,Filler5B_VM5H7$NTransferPhase Phase,,LDPAccumulation[702]
COMMENT,,,Filler5C_VM5H7$NTransferPhase Phase,,LDPAccumulation[703]
COMMENT,,,Filler6_VM5H7$NTransferPhase Phase,,LDPAccumulation[704]
COMMENT,,,VM5H7_T601$NStopDrain Phase,,LDPAccumulation[705]
COMMENT,,,VM5H7_T602$NStopDrain Phase,,LDPAccumulation[706]
COMMENT,,,VM5H7_T603$NStopDrain Phase,,LDPAccumulation[707]
COMMENT,,,VM5H7_Drain$NDrainPhase Phase,,LDPAccumulation[708]
COMMENT,,,VM5H7_Drain$NDrainPhase Phase,,LDPAccumulation[709]
COMMENT,,,VM5H7_Drain$NDrainPhase Phase,,LDPAccumulation[710]
COMMENT,,,T313_StopDrain$NStopPhase Phase,,LDPAccumulation[711]
COMMENT,,,T314_StopDrain$NStopPhase Phase,,LDPAccumulation[712]
COMMENT,,,T315_StopDrain$NStopPhase Phase,,LDPAccumulation[713]
COMMENT,,,T319_StopDrain$NStopPhase Phase,,LDPAccumulation[714]
COMMENT,,,T301_StopDrain$NStopPhase Phase,,LDPAccumulation[715]
COMMENT,,,T302_StopDrain$NStopPhase Phase,,LDPAccumulation[716]
COMMENT,,,T303_StopDrain$NStopPhase Phase,,LDPAccumulation[717]
COMMENT,,,T304_StopDrain$NStopPhase Phase,,LDPAccumulation[718]
COMMENT,,,T601_VM6H1$NStopPhase Phase,,LDPAccumulation[719]
COMMENT,,,T601_VM6H2$NStopPhase Phase,,LDPAccumulation[720]
COMMENT,,,T601_VM6H3$NStopPhase Phase,,LDPAccumulation[721]
COMMENT,,,T601_VM6H4$NStopPhase Phase,,LDPAccumulation[722]
COMMENT,,,T601_VM6H5$NStopPhase Phase,,LDPAccumulation[723]
COMMENT,,,T602_VM6H1$NStopPhase Phase,,LDPAccumulation[724]
COMMENT,,,T602_VM6H2$NStopPhase Phase,,LDPAccumulation[725]
COMMENT,,,T602_VM6H3$NStopPhase Phase,,LDPAccumulation[726]
COMMENT,,,T602_VM6H4$NStopPhase Phase,,LDPAccumulation[727]
COMMENT,,,T602_VM6H5$NStopPhase Phase,,LDPAccumulation[728]
COMMENT,,,T603_VM6H1$NStopPhase Phase,,LDPAccumulation[729]
COMMENT,,,T603_VM6H2$NStopPhase Phase,,LDPAccumulation[730]
COMMENT,,,T603_VM6H3$NStopPhase Phase,,LDPAccumulation[731]
COMMENT,,,T603_VM6H4$NStopPhase Phase,,LDPAccumulation[732]
COMMENT,,,T603_VM6H5$NStopPhase Phase,,LDPAccumulation[733]
COMMENT,,,VM6H3_VM3H1$NStopPhase Phase,,LDPAccumulation[734]
COMMENT,,,VM6H3_VM3H2$NStopPhase Phase,,LDPAccumulation[735]
COMMENT,,,VM6H3_VM3H3$NStopPhase Phase,,LDPAccumulation[736]
COMMENT,,,VM6H4_VM3H1$NStopPhase Phase,,LDPAccumulation[737]
COMMENT,,,VM6H4_VM3H2$NStopPhase Phase,,LDPAccumulation[738]
COMMENT,,,VM6H4_VM3H3$NStopPhase Phase,,LDPAccumulation[739]
COMMENT,,,VM6H5_T301$NStopPhase Phase,,LDPAccumulation[740]
COMMENT,,,VM6H5_T302$NStopPhase Phase,,LDPAccumulation[741]
COMMENT,,,VM6H5_T303$NStopPhase Phase,,LDPAccumulation[742]
COMMENT,,,VM6H5_T304$NStopPhase Phase,,LDPAccumulation[743]
COMMENT,,,SLES_VM5H1$NStopPhase Phase,,LDPAccumulation[744]
COMMENT,,,VM3H1_VM5H1$NStopPhase Phase,,LDPAccumulation[745]
COMMENT,,,VM3H2_VM5H1$NStopPhase Phase,,LDPAccumulation[746]
COMMENT,,,VM3H3_VM5H1$NStopPhase Phase,,LDPAccumulation[747]
COMMENT,,,T326_VM5H1$NStopPhase Phase,,LDPAccumulation[748]
COMMENT,,,T342-VM3_VM5H1$NStopPhase Phase,,LDPAccumulation[749]
COMMENT,,,T343-VM3_VM5H1$NStopPhase Phase,,LDPAccumulation[750]
COMMENT,,,T344_VM5H1$NStopPhase Phase,,LDPAccumulation[751]
COMMENT,,,T301_VM5H2$NStopPhase Phase,,LDPAccumulation[752]
COMMENT,,,T302_VM5H2$NStopPhase Phase,,LDPAccumulation[753]
COMMENT,,,T303_VM5H2$NStopPhase Phase,,LDPAccumulation[754]
COMMENT,,,T304_VM5H2$NStopPhase Phase,,LDPAccumulation[755]
COMMENT,,,T501_VM5H3$NStopPhase Phase,,LDPAccumulation[756]
COMMENT,,,T501_VM5H4$NStopPhase Phase,,LDPAccumulation[757]
COMMENT,,,T502_VM5H3$NStopPhase Phase,,LDPAccumulation[758]
COMMENT,,,T502_VM5H4$NStopPhase Phase,,LDPAccumulation[759]
COMMENT,,,T504_VM5H3$NStopPhase Phase,,LDPAccumulation[760]
COMMENT,,,T504_VM5H4$NStopPhase Phase,,LDPAccumulation[761]
COMMENT,,,T505_VM5H3$NStopPhase Phase,,LDPAccumulation[762]
COMMENT,,,T505_VM5H4$NStopPhase Phase,,LDPAccumulation[763]
COMMENT,,,T506_VM5H3$NStopPhase Phase,,LDPAccumulation[764]
COMMENT,,,T506_VM5H4$NStopPhase Phase,,LDPAccumulation[765]
COMMENT,,,Filler5C_VM5H5$NStopPhase Phase,,LDPAccumulation[766]
COMMENT,,,Filler5B_VM5H6$NStopPhase Phase,,LDPAccumulation[767]
COMMENT,,,Filler6_VM5H7$NStopPhase Phase,,LDPAccumulation[768]
COMMENT,,,VM5H1_T601$NStopPhase Phase,,LDPAccumulation[769]
COMMENT,,,VM5H1_T602$NStopPhase Phase,,LDPAccumulation[770]
COMMENT,,,VM5H1_T603$NStopPhase Phase,,LDPAccumulation[771]
COMMENT,,,VM5H2_T601$NStopPhase Phase,,LDPAccumulation[772]
COMMENT,,,VM5H2_T602$NStopPhase Phase,,LDPAccumulation[773]
COMMENT,,,VM5H2_T603$NStopPhase Phase,,LDPAccumulation[774]
COMMENT,,,VM5H3_T601$NStopPhase Phase,,LDPAccumulation[775]
COMMENT,,,VM5H3_T602$NStopPhase Phase,,LDPAccumulation[776]
COMMENT,,,VM5H3_T603$NStopPhase Phase,,LDPAccumulation[777]
COMMENT,,,VM5H4_T601$NStopPhase Phase,,LDPAccumulation[778]
COMMENT,,,VM5H4_T602$NStopPhase Phase,,LDPAccumulation[779]
COMMENT,,,VM5H4_T603$NStopPhase Phase,,LDPAccumulation[780]
COMMENT,,,VM5H5_T601$NStopPhase Phase,,LDPAccumulation[781]
COMMENT,,,VM5H5_T602$NStopPhase Phase,,LDPAccumulation[782]
COMMENT,,,VM5H5_T603$NStopPhase Phase,,LDPAccumulation[783]
COMMENT,,,VM5H6_T601$NStopPhase Phase,,LDPAccumulation[784]
COMMENT,,,VM5H6_T602$NStopPhase Phase,,LDPAccumulation[785]
COMMENT,,,VM5H6_T603$NStopPhase Phase,,LDPAccumulation[786]
COMMENT,,,VM5H7_T601$NStopPhase Phase,,LDPAccumulation[787]
COMMENT,,,VM5H7_T602$NStopPhase Phase,,LDPAccumulation[788]
COMMENT,,,VM5H7_T603$NStopPhase Phase,,LDPAccumulation[789]
COMMENT,,,T441_AgitOn$NAgitation On Sweep Phase,,LDPAccumulation[790]
COMMENT,,,T441_AgitSp$NAgititation Speed Sweep Phase,,LDPAccumulation[791]
COMMENT,,,T441_AgitOff$NStopPhase Sweep Phase,,LDPAccumulation[792]
COMMENT,,,T442_AgitOn$NAgitation On Sweep Phase,,LDPAccumulation[793]
COMMENT,,,T442_AgitSp$NAgititation Speed Sweep Phase,,LDPAccumulation[794]
COMMENT,,,T442_AgitOff$NStopPhase Sweep Phase,,LDPAccumulation[795]
COMMENT,,,T443_AgitOn$NAgitation On Sweep Phase,,LDPAccumulation[796]
COMMENT,,,T443_AgitSp$NAgititation Speed Sweep Phase,,LDPAccumulation[797]
COMMENT,,,T443_AgitOff$NStopPhase Sweep Phase,,LDPAccumulation[798]
COMMENT,,,T444_AgitOn$NAgitation On Sweep Phase,,LDPAccumulation[799]
COMMENT,,,T444_AgitSp$NAgititation Speed Sweep Phase,,LDPAccumulation[800]
COMMENT,,,T444_AgitOff$NStopPhase Sweep Phase,,LDPAccumulation[801]
COMMENT,,,T445_AgitOn$NAgitation On Sweep Phase,,LDPAccumulation[802]
COMMENT,,,T445_AgitSp$NAgititation Speed Sweep Phase,,LDPAccumulation[803]
COMMENT,,,T445_AgitOff$NStopPhase Sweep Phase,,LDPAccumulation[804]
COMMENT,,,T446_AgitOn$NAgitation On Sweep Phase,,LDPAccumulation[805]
COMMENT,,,T446_AgitSp$NAgititation Speed Sweep Phase,,LDPAccumulation[806]
COMMENT,,,T446_AgitOff$NStopPhase Sweep Phase,,LDPAccumulation[807]
COMMENT,,,T501_AgitOn$NAgitation On Sweep Phase,,LDPAccumulation[808]
COMMENT,,,T501_AgitSp$NAgititation Speed Sweep Phase,,LDPAccumulation[809]
COMMENT,,,T501_AgitOff$NStopPhase Sweep Phase,,LDPAccumulation[810]
COMMENT,,,T502_AgitOn$NAgitation On Sweep Phase,,LDPAccumulation[811]
COMMENT,,,T502_AgitSp$NAgititation Speed Sweep Phase,,LDPAccumulation[812]
COMMENT,,,T502_AgitOff$NStopPhase Sweep Phase,,LDPAccumulation[813]
COMMENT,,,T504_AgitOn$NAgitation On Sweep Phase,,LDPAccumulation[814]
COMMENT,,,T504_AgitSp$NAgititation Speed Sweep Phase,,LDPAccumulation[815]
COMMENT,,,T504_AgitOff$NStopPhase Sweep Phase,,LDPAccumulation[816]
COMMENT,,,T505_AgitOn$NAgitation On Sweep Phase,,LDPAccumulation[817]
COMMENT,,,T505_AgitSp$NAgititation Speed Sweep Phase,,LDPAccumulation[818]
COMMENT,,,T505_AgitOff$NStopPhase Sweep Phase,,LDPAccumulation[819]
COMMENT,,,T506_AgitOn$NAgitation On Sweep Phase,,LDPAccumulation[820]
COMMENT,,,T506_AgitSp$NAgititation Speed Sweep Phase,,LDPAccumulation[821]
COMMENT,,,T506_AgitOff$NStopPhase Sweep Phase,,LDPAccumulation[822]
COMMENT,,,VM6H5_T304$NTransferPhase Phase,,LDPAccumulation[823]
COMMENT,,,T601_Unloading$NTransferPhase Phase,,LDPAccumulation[824]
COMMENT,,,T601_SLES$NStopPhase Phase,,LDPAccumulation[825]
COMMENT,,,SLES_T342-VM3$NTransferPhase Phase,,LDPAccumulation[826]
COMMENT,,,CWSBW_TriBlend$NTransferPhase Phase,,LDPAccumulation[827]
COMMENT,,,T601_TriBlend$NTransferPhase Phase,,LDPAccumulation[828]
COMMENT,,,T601_TriBlend$NStopPhase Phase,,LDPAccumulation[829]
COMMENT,,,TriBlend_VM3H1$NTransferPhase Phase,,LDPAccumulation[830]
COMMENT,,,VM6H1_Filler5A$NStopPhase Phase,,LDPAccumulation[831]
COMMENT,,,VM6H1_Filler5B$NStopPhase Phase,,LDPAccumulation[832]
COMMENT,,,VM6H1_Filler5C$NStopPhase Phase,,LDPAccumulation[833]
COMMENT,,,VM6H1_Filler6$NStopPhase Phase,,LDPAccumulation[834]
COMMENT,,,VM6H2_Filler5A$NStopPhase Phase,,LDPAccumulation[835]
COMMENT,,,VM6H2_Filler5B$NStopPhase Phase,,LDPAccumulation[836]
COMMENT,,,VM6H2_Filler5C$NStopPhase Phase,,LDPAccumulation[837]
COMMENT,,,VM6H2_Filler6$NStopPhase Phase,,LDPAccumulation[838]
COMMENT,,,VM6HW_Filler5A$NStopPhase Phase,,LDPAccumulation[839]
COMMENT,,,VM6HW_Filler5B$NStopPhase Phase,,LDPAccumulation[840]
COMMENT,,,VM6HW_Filler5C$NStopPhase Phase,,LDPAccumulation[841]
COMMENT,,,VM6HW_Filler6$NStopPhase Phase,,LDPAccumulation[842]
COMMENT,,,CWSPreLD_VM4H1$NTransferPhase Phase,,LDPAccumulation[843]
COMMENT,,,CWSPreLD_VM4H2$NTransferPhase Phase,,LDPAccumulation[844]
COMMENT,,,T312_T601$NStopPhase Phase,,LDPAccumulation[845]
COMMENT,,,T312_T602$NStopPhase Phase,,LDPAccumulation[846]
COMMENT,,,T312_T603$NStopPhase Phase,,LDPAccumulation[847]
COMMENT,,,MWSVM3A_VM3H1$NClean Phase,,LDPAccumulation[848]
COMMENT,,,MWSVM3A_VM3H1$NSanitize Phase,,LDPAccumulation[849]
COMMENT,,,MWSVM3B_VM3H2$NClean Phase,,LDPAccumulation[850]
COMMENT,,,MWSVM3B_VM3H2$NSanitize Phase,,LDPAccumulation[851]
COMMENT,,,MWSVM3C_VM3H3$NClean Phase,,LDPAccumulation[852]
COMMENT,,,MWSVM3C_VM3H3$NSanitize Phase,,LDPAccumulation[853]
COMMENT,,,TriBlend_VM3H3$NTransferPhase Phase,,LDPAccumulation[854]
COMMENT,,,TriBlend_VM3H2$NTransferPhase Phase,,LDPAccumulation[855]
COMMENT,,,T301_AgitOn$NAgitation On Phase,,LDPAccumulation[856]
COMMENT,,,T301_AgitOff$NAgitation Off Phase,,LDPAccumulation[857]
COMMENT,,,T301_AgitSp$NAgitation Speed Phase,,LDPAccumulation[858]
COMMENT,,,T302_AgitOn$NAgitation On Phase,,LDPAccumulation[859]
COMMENT,,,T302_AgitOff$NAgitation Off Phase,,LDPAccumulation[860]
COMMENT,,,T302_AgitSp$NAgitation Speed Phase,,LDPAccumulation[861]
COMMENT,,,T303_AgitOn$NAgitation On Phase,,LDPAccumulation[862]
COMMENT,,,T303_AgitOff$NAgitation Off Phase,,LDPAccumulation[863]
COMMENT,,,T303_AgitSp$NAgitation Speed Phase,,LDPAccumulation[864]
COMMENT,,,T304_AgitOn$NAgitation On Phase,,LDPAccumulation[865]
COMMENT,,,T304_AgitOff$NAgitation Off Phase,,LDPAccumulation[866]
COMMENT,,,T304_AgitSp$NAgitation Speed Phase,,LDPAccumulation[867]
COMMENT,,,VM6H4_VM3H3$NPathMode Phase,,LDPAccumulation[868]
COMMENT,,,VM3H3_T504$NPathMode Phase,,LDPAccumulation[869]
COMMENT,,,T504_VM5H4$NPathMode Phase,,LDPAccumulation[870]
COMMENT,,,VM6H1_Filler5A$NPathMode Phase,,LDPAccumulation[871]
COMMENT,,,VM6H1_Filler5B$NPathMode Phase,,LDPAccumulation[872]
COMMENT,,,VM6H1_Filler5C$NPathMode Phase,,LDPAccumulation[873]
COMMENT,,,VM6H1_Filler6$NPathMode Phase,,LDPAccumulation[874]
COMMENT,,,VM6H2_Filler5A$NPathMode Phase,,LDPAccumulation[875]
COMMENT,,,VM6H2_Filler5B$NPathMode Phase,,LDPAccumulation[876]
COMMENT,,,VM6H2_Filler5C$NPathMode Phase,,LDPAccumulation[877]
COMMENT,,,VM6H2_Filler6$NPathMode Phase,,LDPAccumulation[878]
COMMENT,,,VM6HW_Filler5A$NPathMode Phase,,LDPAccumulation[879]
COMMENT,,,VM6HW_Filler5B$NPathMode Phase,,LDPAccumulation[880]
COMMENT,,,VM6HW_Filler5C$NPathMode Phase,,LDPAccumulation[881]
COMMENT,,,VM6HW_Filler6$NPathMode Phase,,LDPAccumulation[882]
COMMENT,,,VM3H1_T501$NPathMode Phase,,LDPAccumulation[883]
COMMENT,,,VM3H1_T502$NPathMode Phase,,LDPAccumulation[884]
COMMENT,,,VM3H1_T504$NPathMode Phase,,LDPAccumulation[885]
COMMENT,,,VM3H1_T505$NPathMode Phase,,LDPAccumulation[886]
COMMENT,,,VM3H1_T506$NPathMode Phase,,LDPAccumulation[887]
COMMENT,,,VM3H2_T501$NPathMode Phase,,LDPAccumulation[888]
COMMENT,,,VM3H2_T502$NPathMode Phase,,LDPAccumulation[889]
COMMENT,,,VM3H2_T504$NPathMode Phase,,LDPAccumulation[890]
COMMENT,,,VM3H2_T505$NPathMode Phase,,LDPAccumulation[891]
COMMENT,,,VM3H2_T506$NPathMode Phase,,LDPAccumulation[892]
COMMENT,,,VM3H3_T501$NPathMode Phase,,LDPAccumulation[893]
COMMENT,,,VM3H3_T502$NPathMode Phase,,LDPAccumulation[894]
COMMENT,,,VM3H3_T505$NPathMode Phase,,LDPAccumulation[895]
COMMENT,,,VM3H3_T506$NPathMode Phase,,LDPAccumulation[896]
COMMENT,,,VM6H3_VM3H1$NPathMode Phase,,LDPAccumulation[897]
COMMENT,,,VM6H3_VM3H2$NPathMode Phase,,LDPAccumulation[898]
COMMENT,,,VM6H3_VM3H3$NPathMode Phase,,LDPAccumulation[899]
COMMENT,,,VM6H4_VM3H1$NPathMode Phase,,LDPAccumulation[900]
COMMENT,,,VM6H4_VM3H2$NPathMode Phase,,LDPAccumulation[901]
COMMENT,,,VM6H5_T301$NPathMode Phase,,LDPAccumulation[902]
COMMENT,,,VM6H5_T302$NPathMode Phase,,LDPAccumulation[903]
COMMENT,,,VM6H5_T303$NPathMode Phase,,LDPAccumulation[904]
COMMENT,,,VM6H5_T304$NPathMode Phase,,LDPAccumulation[905]
COMMENT,,,VM3H1_VM5H1$NPathMode Phase,,LDPAccumulation[906]
COMMENT,,,VM3H2_VM5H1$NPathMode Phase,,LDPAccumulation[907]
COMMENT,,,VM3H3_VM5H1$NPathMode Phase,,LDPAccumulation[908]
COMMENT,,,T326_VM5H1$NPathMode Phase,,LDPAccumulation[909]
COMMENT,,,T342-VM3_VM5H1$NPathMode Phase,,LDPAccumulation[910]
COMMENT,,,T343-VM3_VM5H1$NPathMode Phase,,LDPAccumulation[911]
COMMENT,,,T344_VM5H1$NPathMode Phase,,LDPAccumulation[912]
COMMENT,,,T301_VM5H2$NPathMode Phase,,LDPAccumulation[913]
COMMENT,,,T302_VM5H2$NPathMode Phase,,LDPAccumulation[914]
COMMENT,,,T303_VM5H2$NPathMode Phase,,LDPAccumulation[915]
COMMENT,,,T304_VM5H2$NPathMode Phase,,LDPAccumulation[916]
COMMENT,,,T501_VM5H3$NPathMode Phase,,LDPAccumulation[917]
COMMENT,,,T501_VM5H4$NPathMode Phase,,LDPAccumulation[918]
COMMENT,,,T502_VM5H3$NPathMode Phase,,LDPAccumulation[919]
COMMENT,,,T502_VM5H4$NPathMode Phase,,LDPAccumulation[920]
COMMENT,,,T504_VM5H3$NPathMode Phase,,LDPAccumulation[921]
COMMENT,,,T505_VM5H3$NPathMode Phase,,LDPAccumulation[922]
COMMENT,,,T505_VM5H4$NPathMode Phase,,LDPAccumulation[923]
COMMENT,,,T506_VM5H3$NPathMode Phase,,LDPAccumulation[924]
COMMENT,,,T506_VM5H4$NPathMode Phase,,LDPAccumulation[925]
COMMENT,,,Filler5B_VM5H6$NPathMode Phase,,LDPAccumulation[926]
COMMENT,,,Filler5C_VM5H5$NPathMode Phase,,LDPAccumulation[927]
COMMENT,,,Filler6_VM5H7$NPathMode Phase,,LDPAccumulation[928]
COMMENT,,,T601_SLES$NPathMode Phase,,LDPAccumulation[929]
COMMENT,,,SLES_T601$NPathMode Phase,,LDPAccumulation[930]
