T601_ChemAdd,CIPP[01]
T601_ChemFlsh,CIPP[02]
T601_CoolDown,CIPP[03]
T601_Drain,CIPP[04]
T601_FnlRinse,CIPP[05]
T601_SoilRinse,CIPP[06]
T601_CleanRinse,CIPP[07]
T601_Sanitize,CIPP[08]
T601_StpWshFl,CIPP[09]
T601_WashDrn,CIPP[10]
T601_WashFill,CIPP[11]
T602_ChemAdd,CIPP[12]
T602_ChemFlsh,CIPP[13]
T602_CoolDown,CIPP[14]
T602_Drain,CIPP[15]
T602_FnlRinse,CIPP[16]
T602_SoilRinse,CIPP[17]
T602_CleanRinse,CIPP[18]
T602_Sanitize,CIPP[19]
T602_StpWshFl,CIPP[20]
T602_WashDrn,CIPP[21]
T602_WashFill,CIPP[22]
T603_ChemAdd,CIPP[23]
T603_ChemFlsh,CIPP[24]
T603_CoolDown,CIPP[25]
T603_Drain,CIPP[26]
T603_FnlRinse,CIPP[27]
T603_SoilRinse,CIPP[28]
T603_CleanRinse,CIPP[29]
T603_Sanitize,CIPP[30]
T603_StpWshFl,CIPP[31]
T603_WashDrn,CIPP[32]
T603_WashFill,CIPP[33]
VM4H1_T441,LDP[001]
VM4H1_T442,LDP[002]
VM4H1_T443,LDP[003]
VM4H1_T444,LDP[004]
VM4H1_T445,LDP[005]
VM4H1_T446,LDP[006]
VM4H1_Drain,LDP[007]
VM4H2_T441,LDP[008]
VM4H2_T442,LDP[009]
VM4H2_T443,LDP[010]
VM4H2_T444,LDP[011]
VM4H2_T445,LDP[012]
VM4H2_T446,LDP[013]
VM4H2_Drain,LDP[014]
T342-VM4_VM4H1,LDP[015]
T342-VM4_VM4H2,LDP[016]
T344_VM4H1,LDP[017]
T344_VM4H2,LDP[018]
T343-VM4_VM4H1,LDP[019]
T343-VM4_VM4H2,LDP[020]
T323_VM4H1,LDP[021]
T323_VM4H2,LDP[022]
T324_T315,LDP[023]
T324_T314,LDP[024]
T325-VM4_VM4H1,LDP[025]
T325-VM4_VM4H2,LDP[026]
-_-,LDP[027]
-_-,LDP[028]
-_-,LDP[029]
-_-,LDP[030]
P491_VM4H2,LDP[031]
T319_VM4H2,LDP[032]
CWSPreLD_T319,LDP[033]
MWSPreLD_T319,LDP[034]
MWSPreLD_T319,LDP[035]
-_-,LDP[036]
-_-,LDP[037]
MWSPreLD_T315,LDP[038]
MWSPreLD_T314,LDP[040]
HWSPreLD_T308,LDP[041]
HWSPreLD_T306,LDP[042]
-_-,LDP[043]
-_-,LDP[044]
-_-,LDP[045]
T315_VM4H1,LDP[046]
T315_VM4H2,LDP[047]
-_-,LDP[048]
-_-,LDP[049]
T314_VM4H1,LDP[050]
T314_VM4H2,LDP[051]
-_-,LDP[052]
-_-,LDP[053]
-_-,LDP[054]
-_-,LDP[055]
-_-,LDP[056]
T441_Filler5A,LDP[057]
T441_Filler5B,LDP[058]
T442_Filler5A,LDP[059]
T442_Filler5B,LDP[060]
T443_Filler5A,LDP[061]
T443_Filler5B,LDP[062]
T444_Filler5A,LDP[063]
T444_Filler5B,LDP[064]
T445_Filler5A,LDP[065]
T445_Filler5B,LDP[066]
T446_Filler5A,LDP[067]
T446_Filler5B,LDP[068]
-_-,LDP[069]
Steam_VM4H1,LDP[070]
Steam_VM4H2,LDP[071]
-_-,LDP[072]
-_-,LDP[073]
T218_VM4H1,LDP[074]
T218_VM4H2,LDP[075]
T312_T313,LDP[076]
T313_T314,LDP[077]
-_-,LDP[078]
T441_Drain,LDP[079]
T442_Drain,LDP[080]
T443_Drain,LDP[081]
T444_Drain,LDP[082]
T445_Drain,LDP[083]
T446_Drain,LDP[084]
-_-,LDP[085]
-_-,LDP[086]
T201_VM4H1,LDP[087]
T201_VM4H2,LDP[088]
-_-,LDP[089]
MWSPreLD_T315,LDP[090]
-_-,LDP[091]
MWSPreLD_T314,LDP[092]
MWSPreLD_T308,LDP[093]
MWSPreLD_T306,LDP[094]
-_-,LDP[095]
MWSPreLD_T315,LDP[096]
-_-,LDP[097]
MWSPreLD_T314,LDP[098]
MWSPreLD_T308,LDP[099]
MWSPreLD_T306,LDP[100]
T441_AgitOn,LDP[101]
T441_AgitSp,LDP[102]
T441_AgitOff,LDP[103]
-_-,LDP[104]
T442_AgitOn,LDP[105]
T442_AgitSp,LDP[106]
T442_AgitOff,LDP[107]
-_-,LDP[108]
T443_AgitOn,LDP[109]
T443_AgitSp,LDP[110]
T443_AgitOff,LDP[111]
-_-,LDP[112]
T444_AgitOn,LDP[113]
T444_AgitSp,LDP[114]
T444_AgitOff,LDP[115]
-_-,LDP[116]
T445_AgitOn,LDP[117]
T445_AgitSp,LDP[118]
T445_AgitOff,LDP[119]
-_-,LDP[120]
T446_AgitOn,LDP[121]
T446_AgitSp,LDP[122]
T446_AgitOff,LDP[123]
-_-,LDP[124]
-_-,LDP[125]
-_-,LDP[126]
-_-,LDP[127]
-_-,LDP[128]
-_-,LDP[129]
-_-,LDP[130]
-_-,LDP[131]
-_-,LDP[132]
-_-,LDP[133]
T441_HeatOn,LDP[134]
T441_HeatOff,LDP[135]
T441_CoolOn,LDP[136]
T441_CoolOff,LDP[137]
-_-,LDP[138]
T442_HeatOn,LDP[139]
T442_HeatOff,LDP[140]
T442_CoolOn,LDP[141]
T442_CoolOff,LDP[142]
-_-,LDP[143]
T443_HeatOn,LDP[144]
T443_HeatOff,LDP[145]
T443_CoolOn,LDP[146]
T443_CoolOff,LDP[147]
-_-,LDP[148]
T444_HeatOn,LDP[149]
T444_HeatOff,LDP[150]
T444_CoolOn,LDP[151]
T444_CoolOff,LDP[152]
-_-,LDP[153]
T445_HeatOn,LDP[154]
T445_HeatOff,LDP[155]
T445_CoolOn,LDP[156]
T445_CoolOff,LDP[157]
-_-,LDP[158]
T446_HeatOn,LDP[159]
T446_HeatOff,LDP[160]
T446_CoolOn,LDP[161]
T446_CoolOff,LDP[162]
-_-,LDP[163]
MWSVM4A_VM4H1,LDP[164]
MWSVM4B_VM4H2,LDP[165]
HWS_MFD1,LDP[166]
HWS_MFD2,LDP[167]
MWSVM4A_VM4H1,LDP[168]
MWSVM4B_VM4H2,LDP[169]
MWSVM4B_VM4H1,LDP[170]
MWSVM4B_VM4H2,LDP[171]
-_-,LDP[172]
-_-,LDP[173]
MWSVM4A_T441,LDP[174]
MWSVM4A_T442,LDP[175]
MWSVM4A_T443,LDP[176]
MWSVM4A_T444,LDP[177]
MWSVM4A_T445,LDP[178]
MWSVM4A_T446,LDP[179]
-_-,LDP[180]
-_-,LDP[181]
HWSVM1_Filler5A,LDP[182]
HWSVM1_Filler5B,LDP[183]
HWSVM1_Filler5A,LDP[184]
HWSVM1_Filler5B,LDP[185]
HWSVM1_Filler6,LDP[186]
HWSVM1_Filler6,LDP[187]
-_-,LDP[188]
CWSPreLD_M490Old,LDP[189]
-_-,LDP[190]
VM4H1_T441,LDP[191]
VM4H1_T442,LDP[192]
VM4H1_T443,LDP[193]
VM4H1_T444,LDP[194]
VM4H1_T445,LDP[195]
VM4H1_T446,LDP[196]
-_-,LDP[197]
VM4H2_T441,LDP[198]
VM4H2_T442,LDP[199]
VM4H2_T443,LDP[200]
VM4H2_T444,LDP[201]
VM4H2_T445,LDP[202]
VM4H2_T446,LDP[203]
-_-,LDP[204]
T315_AgitOn,LDP[205]
T315_AgitSp,LDP[206]
T315_AgitOff,LDP[207]
-_-,LDP[208]
-_-,LDP[209]
T314_AgitOn,LDP[209]
T314_AgitSp,LDP[210]
T314_AgitOff,LDP[211]
-_-,LDP[212]
T441_StopDrain,LDP[213]
T442_StopDrain,LDP[214]
T443_StopDrain,LDP[215]
T444_StopDrain,LDP[216]
T445_StopDrain,LDP[217]
T446_StopDrain,LDP[218]
-_-,LDP[219]
VM4H1_StopDrain,LDP[220]
VM4H2_StopDrain,LDP[221]
-_-,LDP[222]
T441_DrainConnection,LDP[223]
T442_DrainConnection,LDP[224]
T443_DrainConnection,LDP[225]
T444_DrainConnection,LDP[226]
T445_DrainConnection,LDP[227]
T446_DrainConnection,LDP[228]
-_-,LDP[229]
T441_Filler6,LDP[230]
T442_Filler6,LDP[231]
T443_Filler6,LDP[232]
T444_Filler6,LDP[233]
T445_Filler6,LDP[234]
T446_Filler6,LDP[235]
-_-,LDP[236]
T326_VM4H1,LDP[237]
T326_VM4H2,LDP[238]
T324_VM4H1,LDP[239]
T324_T313,LDP[240]
T324_VM4H2,LDP[241]
T325-VM4_T313,LDP[242]
T325-VM4_T314,LDP[243]
T325-VM4_T315,LDP[244]
-_-,LDP[245]
T322_VM4H1,LDP[246]
T322_VM4H2,LDP[247]
-_-,LDP[248]
T313_VM4H1,LDP[249]
T313_VM4H2,LDP[250]
-_-,LDP[251]
MWSPreLD_T313,LDP[252]
HWSPreLD_T307,LDP[253]
-_-,LDP[254]
T308_T315,LDP[255]
T307_T314,LDP[256]
T306_T313,LDP[257]
T202_VM4H1,LDP[258]
T202_T313,LDP[259]
T202_T314,LDP[260]
T202_T315,LDP[261]
T202_VM4H2,LDP[262]
MWSPreLD_T313,LDP[263]
MWSPreLD_T307,LDP[264]
-_-,LDP[265]
MWSPreLD_T313,LDP[266]
MWSPreLD_T307,LDP[267]
-_-,LDP[268]
T315_HeatOn,LDP[269]
T315_HeatOff,LDP[270]
T314_HeatOn,LDP[271]
T314_HeatOff,LDP[272]
T313_HeatOn,LDP[273]
T313_HeatOff,LDP[274]
-_-,LDP[275]
T313_AgitOn,LDP[276]
T313_AgitSp,LDP[277]
T313_AgitOff,LDP[278]
-_-,LDP[279]
T315_CoolOn,LDP[280]
T315_CoolOff,LDP[281]
T314_CoolOn,LDP[282]
T314_CoolOff,LDP[283]
T313_CoolOn,LDP[284]
T313_CoolOff,LDP[285]
-_-,LDP[286]
CWSPreLD_T315,LDP[287]
CWSPreLD_T314,LDP[288]
CWSPreLD_T308,LDP[289]
CWSPreLD_T306,LDP[290]
CWSPreLD_T313,LDP[291]
CWSPreLD_T307,LDP[292]
CWSPreLD_M490Old,LDP[293]
CWSPreLD_VM4H1,LDP[294]
CWSPreLD_VM4H2,LDP[295]
-_-,LDP[296]
-_-,LDP[297]
T203_VM4H1,LDP[298]
T203_VM4H2,LDP[299]
-_-,LDP[300]
-_-,LDP[301]
-_-,LDP[302]
LDWW_T9212,LDP[303]
-_-,LDP[304]
MWSVM3A_T501,LDP[305]
MWSVM3A_T502,LDP[306]
MWSVM3A_T504,LDP[307]
MWSVM3A_T505,LDP[308]
MWSVM3A_T506,LDP[309]
T501_AgitOn,LDP[310]
T501_AgitSp,LDP[311]
T501_CoolOn,LDP[312]
T501_Drain,LDP[313]
T501_HeatOn,LDP[314]
T501_AgitOff,LDP[315]
T501_CoolOff,LDP[316]
T501_HeatOff,LDP[317]
T501_VM5H4,LDP[318]
T501_Filler5B,LDP[319]
T501_Filler5C,LDP[320]
T501_Filler6,LDP[321]
T501_VM5H3,LDP[322]
T501_StopDrain,LDP[323]
T501_DrainConnection,LDP[324]
T502_AgitOn,LDP[325]
T502_AgitSp,LDP[326]
T502_CoolOn,LDP[327]
T502_Drain,LDP[328]
T502_HeatOn,LDP[329]
T502_AgitOff,LDP[330]
T502_CoolOff,LDP[331]
T502_HeatOff,LDP[332]
T502_VM5H3,LDP[333]
T502_Filler5B,LDP[334]
T502_Filler5C,LDP[335]
T502_Filler6,LDP[336]
T502_VM5H4,LDP[337]
T502_StopDrain,LDP[338]
T502_DrainConnection,LDP[339]
T504_AgitOn,LDP[340]
T504_AgitSp,LDP[341]
T504_CoolOn,LDP[342]
T504_Drain,LDP[343]
T504_HeatOn,LDP[344]
T504_AgitOff,LDP[345]
T504_CoolOff,LDP[346]
T504_HeatOff,LDP[347]
T504_VM5H4,LDP[348]
T504_Filler5B,LDP[349]
T504_Filler5C,LDP[350]
T504_Filler6,LDP[351]
T504_VM5H3,LDP[352]
T504_StopDrain,LDP[353]
T504_DrainConnection,LDP[354]
T505_AgitOn,LDP[355]
T505_AgitSp,LDP[356]
T505_CoolOn,LDP[357]
T505_Drain,LDP[358]
T505_HeatOn,LDP[359]
T505_AgitOff,LDP[360]
T505_CoolOff,LDP[361]
T505_HeatOff,LDP[362]
T505_VM5H4,LDP[363]
T505_Filler5B,LDP[364]
T505_Filler5C,LDP[365]
T505_Filler6,LDP[366]
T505_VM5H3,LDP[367]
T505_StopDrain,LDP[368]
T505_DrainConnection,LDP[369]
T506_AgitOn,LDP[370]
T506_AgitSp,LDP[371]
T506_CoolOn,LDP[372]
T506_Drain,LDP[373]
T506_HeatOn,LDP[374]
T506_AgitOff,LDP[375]
T506_CoolOff,LDP[376]
T506_HeatOff,LDP[377]
T506_VM5H4,LDP[378]
T506_Filler5B,LDP[379]
T506_Filler5C,LDP[380]
T506_Filler6,LDP[381]
T506_VM5H3,LDP[382]
T506_StopDrain,LDP[383]
T506_DrainConnection,LDP[384]
T204_VM3H1,LDP[385]
T204_VM3H2,LDP[386]
T204_VM3H3,LDP[387]
T204_VM4H1,LDP[388]
T204_VM4H2,LDP[389]
T205_VM3H1,LDP[390]
T205_VM3H2,LDP[391]
T205_VM3H3,LDP[392]
T206_VM3H1,LDP[393]
T206_VM3H2,LDP[394]
T206_VM3H3,LDP[395]
T207_VM3H1,LDP[396]
T207_VM3H2,LDP[397]
T207_VM3H3,LDP[398]
T208_VM3H1,LDP[399]
T208_VM3H2,LDP[400]
T208_VM3H3,LDP[401]
-_-,LDP[402]
T219_VM3H1,LDP[403]
T219_VM3H2,LDP[404]
T219_VM3H3,LDP[405]
T304_VM3H1,LDP[406]
T304_VM3H2,LDP[407]
T304_VM3H3,LDP[408]
T301_VM5H2,LDP[409]
T301_VM3H1,LDP[410]
T302_VM3H2,LDP[411]
T302_VM3H3,LDP[412]
T302_VM5H2,LDP[413]
T302_VM3H2,LDP[414]
T303_VM3H2,LDP[415]
T303_VM3H3,LDP[416]
T303_VM5H2,LDP[417]
T303_VM3H3,LDP[418]
T304_VM3H2,LDP[419]
T304_VM3H3,LDP[420]
T304_VM5H2,LDP[421]
T312_VM3H1,LDP[422]
T312_VM3H2,LDP[423]
T312_VM3H3,LDP[424]
T313_Drain,LDP[425]
T314_Drain,LDP[426]
T315_Drain,LDP[427]
T319_Drain,LDP[428]
T322_VM3H1,LDP[429]
T322_VM3H2,LDP[430]
T322_VM3H3,LDP[431]
-_-,LDP[432]
-_-,LDP[433]
-_-,LDP[434]
T325-VM3_VM3H1,LDP[435]
T325-VM3_VM3H2,LDP[436]
T325-VM3_VM3H3,LDP[437]
-_-,LDP[438]
T341_SLES,LDP[439]
-_-,LDP[440]
T342-VM3_VM3H1,LDP[441]
T342-VM3_VM3H2,LDP[442]
T342-VM3_VM3H3,LDP[443]
-_-,LDP[444]
T343-VM3_VM3H1,LDP[445]
T343-VM3_VM3H2,LDP[446]
T343-VM3_VM3H3,LDP[447]
-_-,LDP[448]
T501_Filler5A,LDP[449]
T502_Filler5A,LDP[450]
T504_Filler5A,LDP[451]
T505_Filler5A,LDP[452]
T506_Filler5A,LDP[453]
T446_Filler5C,LDP[454]
T601_VM6H1,LDP[455]
T601_VM6H2,LDP[456]
T601_VM6H3,LDP[457]
T601_VM6H4,LDP[458]
T601_VM6H5,LDP[459]
T602_VM6H1,LDP[460]
T602_VM6H2,LDP[461]
T602_VM6H3,LDP[462]
T602_VM6H4,LDP[463]
T602_VM6H5,LDP[464]
T603_VM6H1,LDP[465]
T603_VM6H2,LDP[466]
T603_VM6H3,LDP[467]
T603_VM6H4,LDP[468]
T603_VM6H5,LDP[469]
VM3H1_T501,LDP[470]
VM3H1_T502,LDP[471]
VM3H1_T504,LDP[472]
VM3H1_T505,LDP[473]
VM3H1_T506,LDP[474]
VM3H2_T501,LDP[475]
VM3H2_T502,LDP[476]
VM3H2_T504,LDP[477]
VM3H2_T505,LDP[478]
VM3H2_T506,LDP[479]
VM3H3_T501,LDP[480]
VM3H3_T502,LDP[481]
VM3H3_T504,LDP[482]
VM3H3_T505,LDP[483]
VM3H3_T506,LDP[484]
VM3H1_T501,LDP[485]
VM3H1_T502,LDP[486]
VM3H1_T504,LDP[487]
VM3H1_T505,LDP[488]
VM3H1_T506,LDP[489]
VM3H1_T501,LDP[490]
VM3H1_T502,LDP[491]
VM3H1_T504,LDP[492]
VM3H1_T505,LDP[493]
VM3H1_T506,LDP[494]
VM3H2_T501,LDP[495]
VM3H2_T502,LDP[496]
VM3H2_T504,LDP[497]
VM3H2_T505,LDP[498]
VM3H2_T506,LDP[499]
VM3H3_T501,LDP[500]
VM3H3_T502,LDP[501]
VM3H3_T504,LDP[502]
VM3H3_T505,LDP[503]
VM3H3_T506,LDP[504]
VM5H1_T601,LDP[505]
VM5H1_T602,LDP[506]
VM5H1_T603,LDP[507]
VM5H2_T601,LDP[508]
VM5H2_T602,LDP[509]
VM5H2_T603,LDP[510]
VM5H3_T601,LDP[511]
VM5H3_T602,LDP[512]
VM5H3_T603,LDP[513]
VM5H4_T601,LDP[514]
VM5H4_T602,LDP[515]
VM5H4_T603,LDP[516]
VM5H5_T601,LDP[517]
VM5H5_T602,LDP[518]
VM5H5_T603,LDP[519]
VM6H1_Filler5A,LDP[520]
VM6H1_Filler5B,LDP[521]
VM6H1_Filler5C,LDP[522]
VM6H1_Filler6,LDP[523]
VM6H5_T301,LDP[524]
VM6H5_T302,LDP[525]
VM6H5_T303,LDP[526]
VM6H5_T304,LDP[527]
VM6H2_Filler5A,LDP[528]
VM6H2_Filler5B,LDP[529]
VM6H2_Filler5C,LDP[530]
VM6H2_Filler6,LDP[531]
VM6H3_VM3H3,LDP[532]
VM6H3_VM3H1,LDP[533]
VM6H3_VM3H2,LDP[534]
VM6H4_VM3H1,LDP[535]
VM6H4_VM3H2,LDP[536]
VM6H4_VM3H3,LDP[537]
VM6H5_T301,LDP[538]
VM6H5_T302,LDP[539]
VM6H5_T303,LDP[540]
VM6HW_Filler5A,LDP[541]
VM6HW_Filler5B,LDP[542]
VM6HW_Filler5C,LDP[543]
VM6HW_Filler6,LDP[544]
MWSPreLD_T306,LDP[546]
MWSPreLD_T307,LDP[547]
MWSPreLD_T308,LDP[548]
MWSPreLD_T313,LDP[549]
MWSPreLD_T314,LDP[550]
MWSPreLD_T319,LDP[551]
MWSVM3A_VM3H1,LDP[552]
Steam_VM3H3,LDP[553]
Steam_VM3H2,LDP[554]
Steam_VM3H1,LDP[555]
MWSVM3B_VM3H2,LDP[556]
VM3H3_Drain,LDP[557]
VM3H1_Drain,LDP[558]
MWSVM3C_VM3H2,LDP[559]
VM3H2_Drain,LDP[560]
-_-,LDP[561]
-_-,LDP[562]
MWSVM4A_VM4H1,LDP[563]
-_-,LDP[564]
-_-,LDP[565]
-_-,LDP[566]
MWSVM4B_VM4H2,LDP[567]
MWSVM6A_VM6H1,LDP[568]
MWSVM6A_VM6H1,LDP[569]
MWSVM6A_VM6H2,LDP[570]
MWSVM6A_VM6H2,LDP[571]
MWSVM6A_VM6HW,LDP[572]
MWSVM6A_VM6HW,LDP[573]
MWSVM6B_VM6H1,LDP[574]
MWSVM6B_VM6H1,LDP[575]
MWSVM6B_VM6H2,LDP[576]
MWSVM6B_VM6H2,LDP[577]
MWSVM6B_VM6HW,LDP[578]
MWSVM6B_VM6HW,LDP[579]
Filler5A_VM5H5,LDP[580]
-_-,LDP[581]
Filler5B_VM5H5,LDP[582]
-_-,LDP[583]
Filler5C_VM5H5,LDP[584]
-_-,LDP[585]
Filler6_VM5H5,LDP[586]
-_-,LDP[587]
CWSBW_T601,LDP[588]
CWSBW_T602,LDP[589]
CWSBW_T603,LDP[590]
CWSPreLD_T303,LDP[591]
CWSPreLD_T304,LDP[592]
CWSPreLD_TriBlend,LDP[593]
CWSPreLD_T301,LDP[594]
CWSPreLD_T302,LDP[595]
HWSCIP_T601,LDP[596]
HWSCIP_T602,LDP[597]
HWSCIP_T603,LDP[598]
-_-,LDP[599]
MWSPreLD_T315,LDP[600]
HWSVM1_Filler5C,LDP[601]
HWSVM1_Filler5C,LDP[602]
MWSVM4A_VM4H1,LDP[603]
MWSVM4B_VM4H2,LDP[604]
MWSVM6A_VM6H1,LDP[605]
-_-,LDP[606]
MWSVM6A_VM6H2,LDP[607]
-_-,LDP[608]
MWSVM6A_VM6HW,LDP[609]
-_-,LDP[610]
MWSVM6B_VM6H1,LDP[611]
-_-,LDP[612]
MWSVM6B_VM6H2,LDP[613]
-_-,LDP[614]
MWSVM6B_VM6HW,LDP[615]
-_-,LDP[616]
T301_Drain,LDP[617]
T302_Drain,LDP[618]
T303_Drain,LDP[619]
T304_Drain,LDP[620]
VM5H1_T601,LDP[621]
VM5H1_T602,LDP[622]
VM5H1_T603,LDP[623]
VM5H2_T601,LDP[624]
VM5H2_T602,LDP[625]
VM5H2_T603,LDP[626]
VM5H3_T601,LDP[627]
VM5H3_T602,LDP[628]
VM5H3_T603,LDP[629]
VM5H4_T601,LDP[630]
VM5H4_T602,LDP[631]
VM5H4_T603,LDP[632]
VM5H5_T601,LDP[633]
VM5H5_T602,LDP[634]
VM5H5_T603,LDP[635]
VM5H1_T601,LDP[636]
VM5H1_T602,LDP[637]
VM5H1_T603,LDP[638]
VM5H2_T601,LDP[639]
VM5H2_T602,LDP[640]
VM5H2_T603,LDP[641]
VM5H3_Drain,LDP[642]
VM5H3_Drain,LDP[643]
VM5H3_Drain,LDP[644]
VM5H4_Drain,LDP[645]
VM5H4_Drain,LDP[646]
VM5H4_Drain,LDP[647]
VM5H5_Drain,LDP[648]
VM5H5_Drain,LDP[649]
VM5H5_Drain,LDP[650]
SLES_VM5H1,LDP[651]
VM3H1_VM5H1,LDP[652]
VM3H2_VM5H1,LDP[653]
VM3H3_VM5H1,LDP[654]
T326_VM5H1,LDP[655]
T342-VM3_VM5H1,LDP[656]
T343-VM3_VM5H1,LDP[657]
T344_VM5H1,LDP[658]
T312_T601,LDP[659]
T312_T602,LDP[660]
T312_T603,LDP[661]
VM4H1_T501,LDP[662]
VM4H1_T502,LDP[663]
VM4H1_T504,LDP[664]
VM4H1_T505,LDP[665]
VM4H1_T506,LDP[666]
VM4H2_T501,LDP[667]
VM4H2_T502,LDP[668]
VM4H2_T504,LDP[669]
VM4H2_T505,LDP[670]
VM4H2_T506,LDP[671]
VM4H1_T501,LDP[672]
VM4H1_T502,LDP[673]
VM4H1_T504,LDP[674]
VM4H1_T505,LDP[675]
VM4H1_T506,LDP[676]
VM4H2_T501,LDP[677]
VM4H2_T502,LDP[678]
VM4H2_T504,LDP[679]
VM4H2_T505,LDP[680]
VM4H2_T506,LDP[681]
T601_Unloading,LDP[682]
T601_SLES,LDP[683]
SLES_T342-VM3,LDP[684]
VM5H6_T601,LDP[685]
VM5H6_T602,LDP[686]
VM5H6_T603,LDP[687]
Filler5A_VM5H6,LDP[688]
Filler5B_VM5H6,LDP[689]
Filler5C_VM5H6,LDP[690]
Filler6_VM5H6,LDP[691]
VM5H6_T601,LDP[692]
VM5H6_T602,LDP[693]
VM5H6_T603,LDP[694]
VM5H6_Drain,LDP[695]
VM5H6_Drain,LDP[696]
VM5H6_Drain,LDP[697]
VM5H7_T601,LDP[698]
VM5H7_T602,LDP[699]
VM5H7_T603,LDP[700]
Filler5A_VM5H7,LDP[701]
Filler5B_VM5H7,LDP[702]
Filler5C_VM5H7,LDP[703]
Filler6_VM5H7,LDP[704]
VM5H7_T601,LDP[705]
VM5H7_T602,LDP[706]
VM5H7_T603,LDP[707]
VM5H7_Drain,LDP[708]
VM5H7_Drain,LDP[709]
VM5H7_Drain,LDP[710]
T313_StopDrain,LDP[711]
T314_StopDrain,LDP[712]
T315_StopDrain,LDP[713]
T319_StopDrain,LDP[714]
T301_StopDrain,LDP[715]
T302_StopDrain,LDP[716]
T303_StopDrain,LDP[717]
T304_StopDrain,LDP[718]
T601_VM6H1,LDP[719]
T601_VM6H2,LDP[720]
T601_VM6H3,LDP[721]
T601_VM6H4,LDP[722]
T601_VM6H5,LDP[723]
T602_VM6H1,LDP[724]
T602_VM6H2,LDP[725]
T602_VM6H3,LDP[726]
T602_VM6H4,LDP[727]
T602_VM6H5,LDP[728]
T603_VM6H1,LDP[729]
T603_VM6H2,LDP[730]
T603_VM6H3,LDP[731]
T603_VM6H4,LDP[732]
T603_VM6H5,LDP[733]
VM6H3_VM3H1,LDP[734]
VM6H3_VM3H2,LDP[735]
VM6H3_VM3H3,LDP[736]
VM6H4_VM3H1,LDP[737]
VM6H4_VM3H2,LDP[738]
VM6H4_VM3H3,LDP[739]
VM6H5_T301,LDP[740]
VM6H5_T302,LDP[741]
VM6H5_T303,LDP[742]
VM6H5_T304,LDP[743]
SLES_VM5H1,LDP[744]
VM3H1_VM5H1,LDP[745]
VM3H2_VM5H1,LDP[746]
VM3H3_VM5H1,LDP[747]
T326_VM5H1,LDP[748]
T342-VM3_VM5H1,LDP[749]
T343-VM3_VM5H1,LDP[750]
T344_VM5H1,LDP[751]
T301_VM5H2,LDP[752]
T302_VM5H2,LDP[753]
T303_VM5H2,LDP[754]
T304_VM5H2,LDP[755]
T501_VM5H3,LDP[756]
T501_VM5H4,LDP[757]
T502_VM5H3,LDP[758]
T502_VM5H4,LDP[759]
T504_VM5H3,LDP[760]
T504_VM5H4,LDP[761]
T505_VM5H3,LDP[762]
T505_VM5H4,LDP[763]
T506_VM5H3,LDP[764]
T506_VM5H4,LDP[765]
Filler5C_VM5H5,LDP[766]
Filler5B_VM5H6,LDP[767]
Filler6_VM5H7,LDP[768]
VM5H1_T601,LDP[769]
VM5H1_T602,LDP[770]
VM5H1_T603,LDP[771]
VM5H2_T601,LDP[772]
VM5H2_T602,LDP[773]
VM5H2_T603,LDP[774]
VM5H3_T601,LDP[775]
VM5H3_T602,LDP[776]
VM5H3_T603,LDP[777]
VM5H4_T601,LDP[778]
VM5H4_T602,LDP[779]
VM5H4_T603,LDP[780]
VM5H5_T601,LDP[781]
VM5H5_T602,LDP[782]
VM5H5_T603,LDP[783]
VM5H6_T601,LDP[784]
VM5H6_T602,LDP[785]
VM5H6_T603,LDP[786]
VM5H7_T601,LDP[787]
VM5H7_T602,LDP[788]
VM5H7_T603,LDP[789]
T441_AgitOn,LDP[790]
T441_AgitSp,LDP[791]
T441_AgitOff,LDP[792]
T442_AgitOn,LDP[793]
T442_AgitSp,LDP[794]
T442_AgitOff,LDP[795]
T443_AgitOn,LDP[796]
T443_AgitSp,LDP[797]
T443_AgitOff,LDP[798]
T444_AgitOn,LDP[799]
T444_AgitSp,LDP[800]
T444_AgitOff,LDP[801]
T445_AgitOn,LDP[802]
T445_AgitSp,LDP[803]
T445_AgitOff,LDP[804]
T446_AgitOn,LDP[805]
T446_AgitSp,LDP[806]
T446_AgitOff,LDP[807]
T501_AgitOn,LDP[808]
T501_AgitSp,LDP[809]
T501_AgitOff,LDP[810]
T502_AgitOn,LDP[811]
T502_AgitSp,LDP[812]
T502_AgitOff,LDP[813]
T504_AgitOn,LDP[814]
T504_AgitSp,LDP[815]
T504_AgitOff,LDP[816]
T505_AgitOn,LDP[817]
T505_AgitSp,LDP[818]
T505_AgitOff,LDP[819]
T506_AgitOn,LDP[820]
T506_AgitSp,LDP[821]
T506_AgitOff,LDP[822]
VM6H5_T304,LDP[823]
T601_Unloading,LDP[824]
T601_SLES,LDP[825]
SLES_T342-VM3,LDP[826]
CWSBW_TriBlend,LDP[827]
T601_TriBlend,LDP[828]
T601_TriBlend,LDP[829]
TriBlend_VM3H1,LDP[830]
VM6H1_Filler5A,LDP[831]
VM6H1_Filler5B,LDP[832]
VM6H1_Filler5C,LDP[833]
VM6H1_Filler6,LDP[834]
VM6H2_Filler5A,LDP[835]
VM6H2_Filler5B,LDP[836]
VM6H2_Filler5C,LDP[837]
VM6H2_Filler6,LDP[838]
VM6HW_Filler5A,LDP[839]
VM6HW_Filler5B,LDP[840]
VM6HW_Filler5C,LDP[841]
VM6HW_Filler6,LDP[842]
CWSPreLD_VM4H1,LDP[843]
CWSPreLD_VM4H2,LDP[844]
T312_T601,LDP[845]
T312_T602,LDP[846]
T312_T603,LDP[847]
MWSVM3A_VM3H1,LDP[848]
MWSVM3A_VM3H1,LDP[849]
MWSVM3B_VM3H2,LDP[850]
MWSVM3B_VM3H2,LDP[851]
MWSVM3C_VM3H3,LDP[852]
MWSVM3C_VM3H3,LDP[853]
TriBlend_VM3H3,LDP[854]
TriBlend_VM3H2,LDP[855]
T301_AgitOn,LDP[856]
T301_AgitOff,LDP[857]
T301_AgitSp,LDP[858]
T302_AgitOn,LDP[859]
T302_AgitOff,LDP[860]
T302_AgitSp,LDP[861]
T303_AgitOn,LDP[862]
T303_AgitOff,LDP[863]
T303_AgitSp,LDP[864]
T304_AgitOn,LDP[865]
T304_AgitOff,LDP[866]
T304_AgitSp,LDP[867]
VM6H4_VM3H3,LDP[868]
VM3H3_T504,LDP[869]
T504_VM5H4,LDP[870]
VM6H1_Filler5A,LDP[871]
VM6H1_Filler5B,LDP[872]
VM6H1_Filler5C,LDP[873]
VM6H1_Filler6,LDP[874]
VM6H2_Filler5A,LDP[875]
VM6H2_Filler5B,LDP[876]
VM6H2_Filler5C,LDP[877]
VM6H2_Filler6,LDP[878]
VM6HW_Filler5A,LDP[879]
VM6HW_Filler5B,LDP[880]
VM6HW_Filler5C,LDP[881]
VM6HW_Filler6,LDP[882]
VM3H1_T501,LDP[883]
VM3H1_T502,LDP[884]
VM3H1_T504,LDP[885]
VM3H1_T505,LDP[886]
VM3H1_T506,LDP[887]
VM3H2_T501,LDP[888]
VM3H2_T502,LDP[889]
VM3H2_T504,LDP[890]
VM3H2_T505,LDP[891]
VM3H2_T506,LDP[892]
VM3H3_T501,LDP[893]
VM3H3_T502,LDP[894]
VM3H3_T505,LDP[895]
VM3H3_T506,LDP[896]
VM6H3_VM3H1,LDP[897]
VM6H3_VM3H2,LDP[898]
VM6H3_VM3H3,LDP[899]
VM6H4_VM3H1,LDP[900]
VM6H4_VM3H2,LDP[901]
VM6H5_T301,LDP[902]
VM6H5_T302,LDP[903]
VM6H5_T303,LDP[904]
VM6H5_T304,LDP[905]
VM3H1_VM5H1,LDP[906]
VM3H2_VM5H1,LDP[907]
VM3H3_VM5H1,LDP[908]
T326_VM5H1,LDP[909]
T342-VM3_VM5H1,LDP[910]
T343-VM3_VM5H1,LDP[911]
T344_VM5H1,LDP[912]
T301_VM5H2,LDP[913]
T302_VM5H2,LDP[914]
T303_VM5H2,LDP[915]
T304_VM5H2,LDP[916]
T501_VM5H3,LDP[917]
T501_VM5H4,LDP[918]
T502_VM5H3,LDP[919]
T502_VM5H4,LDP[920]
T504_VM5H3,LDP[921]
T505_VM5H3,LDP[922]
T505_VM5H4,LDP[923]
T506_VM5H3,LDP[924]
T506_VM5H4,LDP[925]
Filler5B_VM5H6,LDP[926]
Filler5C_VM5H5,LDP[927]
Filler6_VM5H7,LDP[928]
T601_SLES,LDP[929]
SLES_T601,LDP[930]
