Zone[1] - T441,Zone[1]
Zone[2] - T442,Zone[2]
Zone[3] - T443,Zone[3]
Zone[4] - T444,Zone[4]
Zone[5] - T445,Zone[5]
Zone[6] - T446,Zone[6]
Zone[7] - VM4H1,Zone[7]
Zone[8] - VM4H2,Zone[8]
Zone[9] - T343-VM3,Zone[9]
Zone[10] - T343-VM4,Zone[10]
Zone[11] - T324,Zone[11]
Zone[12] - T323,Zone[12]
Zone[13] - SLES,Zone[13]
Zone[14] - T325-VM4,Zone[14]
Zone[15] - T325-VM3,Zone[15]
Zone[16] - ,Zone[16]
Zone[17] - T218,Zone[17]
Zone[18] - T202,Zone[18]
Zone[19] - T312,Zone[19]
Zone[20] - T326,Zone[20]
Zone[21] - Filler5A,Zone[21]
Zone[22] - Filler5B,Zone[22]
Zone[23] - T201,Zone[23]
Zone[24] - ,Zone[24]
Zone[25] - T219,Zone[25]
Zone[26] - T322,Zone[26]
Zone[27] - T315,Zone[27]
Zone[28] - T314,Zone[28]
Zone[29] - T313,Zone[29]
Zone[30] - ,Zone[30]
Zone[31] - T203,Zone[31]
Zone[32] - ,Zone[32]
Zone[33] - T319,Zone[33]
Zone[34] - ,Zone[34]
Zone[35] - Filler5C,Zone[35]
Zone[36] - Filler6,Zone[36]
Zone[37] - T204,Zone[37]
Zone[38] - T205,Zone[38]
Zone[39] - T206,Zone[39]
Zone[40] - T207,Zone[40]
Zone[41] - T208,Zone[41]
Zone[42] - ,Zone[42]
Zone[43] - T301,Zone[43]
Zone[44] - T302,Zone[44]
Zone[45] - T303,Zone[45]
Zone[46] - T304,Zone[46]
Zone[47] - ,Zone[47]
Zone[48] - T306,Zone[48]
Zone[49] - T307,Zone[49]
Zone[50] - T308,Zone[50]
Zone[51] - ,Zone[51]
Zone[52] - ,Zone[52]
Zone[53] - ,Zone[53]
Zone[54] - ,Zone[54]
Zone[55] - T341,Zone[55]
Zone[56] - T342-VM3,Zone[56]
Zone[57] - T342-VM4,Zone[57]
Zone[58] - T344,Zone[58]
Zone[59] - T501,Zone[59]
Zone[60] - T502,Zone[60]
Zone[61] - T504,Zone[61]
Zone[62] - T505,Zone[62]
Zone[63] - T506,Zone[63]
Zone[64] - T601,Zone[64]
Zone[65] - T602,Zone[65]
Zone[66] - T603,Zone[66]
Zone[67] - ,Zone[67]
Zone[68] - ,Zone[68]
Zone[69] - ,Zone[69]
Zone[70] - TK100,Zone[70]
Zone[71] - T100_HotWaterSystem,Zone[71]
Zone[72] - T100_RecircHotWater,Zone[72]
Zone[73] - VM3H1,Zone[73]
Zone[74] - VM3H2,Zone[74]
Zone[75] - VM3H3,Zone[75]
Zone[76] - VM5H1,Zone[76]
Zone[76] - VM5H2,Zone[76]
Zone[76] - VM5H3,Zone[76]
Zone[76] - VM5H4,Zone[76]
Zone[76] - VM5H5,Zone[76]
Zone[76] - VM5H6,Zone[76]
Zone[76] - VM5H7,Zone[76]
Zone[77] - VM6H1,Zone[77]
Zone[77] - VM6H2,Zone[77]
Zone[77] - VM6H3,Zone[77]
Zone[77] - VM6H4,Zone[77]
Zone[77] - VM6H5,Zone[77]
Zone[77] - VM6HW,Zone[77]
Zone[78] - MWSVM4A,Zone[78]
Zone[79] - MWSVM4B,Zone[79]
Zone[80] - MWSPreLD,Zone[80]
Zone[81] - CWSPreLD,Zone[81]
Zone[82] - LDBatchingVM4_VM3,Zone[82]
Zone[83] - ,Zone[83]
Zone[84] - ,Zone[84]
Zone[85] - MWSVM3A,Zone[85]
Zone[86] - MWSVM3B,Zone[86]
Zone[87] - MWSVM3C,Zone[87]
Zone[88] - VM1HFiller5A,Zone[88]
Zone[89] - VM1HFIller5B,Zone[89]
Zone[90] - VM1HFiller5C,Zone[90]
Zone[91] - VM1HFiller6,Zone[91]
Zone[92] - ,Zone[92]
Zone[93] - MWSVM6A,Zone[93]
Zone[94] - MWSVM6B,Zone[94]
Zone[95] - HWSCIP,Zone[95]
Zone[96] - CWSBW,Zone[96]
Zone[97] - TriBlend,Zone[97]
Zone[98] - ,Zone[98]
Zone[99] - ,Zone[99]
Zone[100] - ,Zone[100]
