T601_ChemAdd$NChemAdd Phase,CIPP[01]
T601_ChemFlsh$NChemFlsh Phase,CIPP[02]
T601_CoolDown$NCoolDown Phase,CIPP[03]
T601_Drain$NDrain Phase,CIPP[04]
T601_FnlRinse$NFnlRinse Phase,CIPP[05]
T601_SoilRinse$NSoilRinse Phase,CIPP[06]
T601_CleanRinse$NCleanRinse Phase,CIPP[07]
T601_Sanitize$NSanitize Phase,CIPP[08]
T601_StpWshFl$NStpWshFl Phase,CIPP[09]
T601_WashDrn$NWashDrn Phase,CIPP[10]
T601_WashFill$NWashFill Phase,CIPP[11]
T602_ChemAdd$NChemAdd Phase,CIPP[12]
T602_ChemFlsh$NChemFlsh Phase,CIPP[13]
T602_CoolDown$NCoolDown Phase,CIPP[14]
T602_Drain$NDrain Phase,CIPP[15]
T602_FnlRinse$NFnlRinse Phase,CIPP[16]
T602_SoilRinse$NSoilRinse Phase,CIPP[17]
T602_CleanRinse$NCleanRinse Phase,CIPP[18]
T602_Sanitize$NSanitize Phase,CIPP[19]
T602_StpWshFl$NStpWshFl Phase,CIPP[20]
T602_WashDrn$NWashDrn Phase,CIPP[21]
T602_WashFill$NWashFill Phase,CIPP[22]
T603_ChemAdd$NChemAdd Phase,CIPP[23]
T603_ChemFlsh$NChemFlsh Phase,CIPP[24]
T603_CoolDown$NCoolDown Phase,CIPP[25]
T603_Drain$NDrain Phase,CIPP[26]
T603_FnlRinse$NFnlRinse Phase,CIPP[27]
T603_SoilRinse$NSoilRinse Phase,CIPP[28]
T603_CleanRinse$NCleanRinse Phase,CIPP[29]
T603_Sanitize$NSanitize Phase,CIPP[30]
T603_StpWshFl$NStpWshFl Phase,CIPP[31]
T603_WashDrn$NWashDrn Phase,CIPP[32]
T603_WashFill$NWashFill Phase,CIPP[33]
VM4H1_T441$NTransferPhase Phase,LDP[001]
VM4H1_T442$NTransferPhase Phase,LDP[002]
VM4H1_T443$NTransferPhase Phase,LDP[003]
VM4H1_T444$NTransferPhase Phase,LDP[004]
VM4H1_T445$NTransferPhase Phase,LDP[005]
VM4H1_T446$NTransferPhase Phase,LDP[006]
VM4H1_Drain$NDrainPhase Phase,LDP[007]
VM4H2_T441$NTransferPhase Phase,LDP[008]
VM4H2_T442$NTransferPhase Phase,LDP[009]
VM4H2_T443$NTransferPhase Phase,LDP[010]
VM4H2_T444$NTransferPhase Phase,LDP[011]
VM4H2_T445$NTransferPhase Phase,LDP[012]
VM4H2_T446$NTransferPhase Phase,LDP[013]
VM4H2_Drain$NDrainPhase Phase,LDP[014]
T342-VM4_VM4H1$NTransferPhase Phase,LDP[015]
T342-VM4_VM4H2$NTransferPhase Phase,LDP[016]
T344_VM4H1$NTransferPhase Phase,LDP[017]
T344_VM4H2$NTransferPhase Phase,LDP[018]
T343-VM4_VM4H1$NTransferPhase Phase,LDP[019]
T343-VM4_VM4H2$NTransferPhase Phase,LDP[020]
T323_VM4H1$NTransferPhase Phase,LDP[021]
T323_VM4H2$NTransferPhase Phase,LDP[022]
T324_T315$NTransferPhase Phase,LDP[023]
T324_T314$NTransferPhase Phase,LDP[024]
T325-VM4_VM4H1$NTransferPhase Phase,LDP[025]
T325-VM4_VM4H2$NTransferPhase Phase,LDP[026]
-_-$N Phase,LDP[027]
-_-$N Phase,LDP[028]
-_-$N Phase,LDP[029]
-_-$N Phase,LDP[030]
P491_VM4H2$NTransferPhase Phase,LDP[031]
T319_VM4H2$NTransferPhase Phase,LDP[032]
CWSPreLD_T319$NTransferPhase Phase,LDP[033]
MWSPreLD_T319$NSanitizePhase Phase,LDP[034]
MWSPreLD_T319$NCleanPhase Phase,LDP[035]
-_-$N- Phase,LDP[036]
-_-$N- Phase,LDP[037]
MWSPreLD_T315$NCIPPhase Phase,LDP[038]
MWSPreLD_T314$NCIPPhase Phase,LDP[040]
HWSPreLD_T308$NCIPPhase Phase,LDP[041]
HWSPreLD_T306$NCIPPhase Phase,LDP[042]
-_-$N- Phase,LDP[043]
-_-$N- Phase,LDP[044]
-_-$N- Phase,LDP[045]
T315_VM4H1$NTransferPhase Phase,LDP[046]
T315_VM4H2$NTransferPhase Phase,LDP[047]
-_-$N- Phase,LDP[048]
-_-$N- Phase,LDP[049]
T314_VM4H1$NTransferPhase Phase,LDP[050]
T314_VM4H2$NTransferPhase Phase,LDP[051]
-_-$N- Phase,LDP[052]
-_-$N- Phase,LDP[053]
-_-$N- Phase,LDP[054]
-_-$N- Phase,LDP[055]
-_-$N- Phase,LDP[056]
T441_Filler5A$NTransferPhase Phase,LDP[057]
T441_Filler5B$NTransferPhase Phase,LDP[058]
T442_Filler5A$NTransferPhase Phase,LDP[059]
T442_Filler5B$NTransferPhase Phase,LDP[060]
T443_Filler5A$NTransferPhase Phase,LDP[061]
T443_Filler5B$NTransferPhase Phase,LDP[062]
T444_Filler5A$NTransferPhase Phase,LDP[063]
T444_Filler5B$NTransferPhase Phase,LDP[064]
T445_Filler5A$NTransferPhase Phase,LDP[065]
T445_Filler5B$NTransferPhase Phase,LDP[066]
T446_Filler5A$NTransferPhase Phase,LDP[067]
T446_Filler5B$NTransferPhase Phase,LDP[068]
-_-$N- Phase,LDP[069]
Steam_VM4H1$NSanitizePhase Phase,LDP[070]
Steam_VM4H2$NSanitizePhase Phase,LDP[071]
-_-$N- Phase,LDP[072]
-_-$N- Phase,LDP[073]
T218_VM4H1$NTransferPhase Phase,LDP[074]
T218_VM4H2$NTransferPhase Phase,LDP[075]
T312_T313$NTransferPhase Phase,LDP[076]
T313_T314$NTransferPhase Phase,LDP[077]
-_-$N- Phase,LDP[078]
T441_Drain$NDrainPhase Phase,LDP[079]
T442_Drain$NDrainPhase Phase,LDP[080]
T443_Drain$NDrainPhase Phase,LDP[081]
T444_Drain$NDrainPhase Phase,LDP[082]
T445_Drain$NDrainPhase Phase,LDP[083]
T446_Drain$NDrainPhase Phase,LDP[084]
-_-$N- Phase,LDP[085]
-_-$N- Phase,LDP[086]
T201_VM4H1$NTransferPhase Phase,LDP[087]
T201_VM4H2$NTransferPhase Phase,LDP[088]
-_-$N- Phase,LDP[089]
MWSPreLD_T315$NCleanPhase Phase,LDP[090]
-_-$N- Phase,LDP[091]
MWSPreLD_T314$NCleanPhase Phase,LDP[092]
MWSPreLD_T308$NCleanPhase Phase,LDP[093]
MWSPreLD_T306$NCleanPhase Phase,LDP[094]
-_-$N- Phase,LDP[095]
MWSPreLD_T315$NSanitizePhase Phase,LDP[096]
-_-$N- Phase,LDP[097]
MWSPreLD_T314$NSanitizePhase Phase,LDP[098]
MWSPreLD_T308$NSanitizePhase Phase,LDP[099]
MWSPreLD_T306$NSanitizePhase Phase,LDP[100]
T441_AgitOn$NAgitation On Turbine Phase,LDP[101]
T441_AgitSp$NAgititation Speed Turbine Phase,LDP[102]
T441_AgitOff$NStopPhase Turbine Phase,LDP[103]
-_-$N- Phase,LDP[104]
T442_AgitOn$NAgitation On Turbine Phase,LDP[105]
T442_AgitSp$NAgititation Speed Turbine Phase,LDP[106]
T442_AgitOff$NStopPhase Turbine Phase,LDP[107]
-_-$N- Phase,LDP[108]
T443_AgitOn$NAgitation On Turbine Phase,LDP[109]
T443_AgitSp$NAgititation Speed Turbine Phase,LDP[110]
T443_AgitOff$NStopPhase Turbine Phase,LDP[111]
-_-$N- Phase,LDP[112]
T444_AgitOn$NAgitation On Turbine Phase,LDP[113]
T444_AgitSp$NAgititation Speed Turbine Phase,LDP[114]
T444_AgitOff$NStopPhase Turbine Phase,LDP[115]
-_-$N- Phase,LDP[116]
T445_AgitOn$NAgitation On Turbine Phase,LDP[117]
T445_AgitSp$NAgititation Speed Turbine Phase,LDP[118]
T445_AgitOff$NStopPhase Turbine Phase,LDP[119]
-_-$N- Phase,LDP[120]
T446_AgitOn$NAgitation On Turbine Phase,LDP[121]
T446_AgitSp$NAgititation Speed Turbine Phase,LDP[122]
T446_AgitOff$NStopPhase Turbine Phase,LDP[123]
-_-$N- Phase,LDP[124]
-_-$N- Phase,LDP[125]
-_-$N- Phase,LDP[126]
-_-$N- Phase,LDP[127]
-_-$N- Phase,LDP[128]
-_-$N- Phase,LDP[129]
-_-$N- Phase,LDP[130]
-_-$N- Phase,LDP[131]
-_-$N- Phase,LDP[132]
-_-$N- Phase,LDP[133]
T441_HeatOn$NProcessPhase Phase,LDP[134]
T441_HeatOff$NStopPhase Phase,LDP[135]
T441_CoolOn$NProcessPhase Phase,LDP[136]
T441_CoolOff$NStopPhase Phase,LDP[137]
-_-$N- Phase,LDP[138]
T442_HeatOn$NProcessPhase Phase,LDP[139]
T442_HeatOff$NStopPhase Phase,LDP[140]
T442_CoolOn$NProcessPhase Phase,LDP[141]
T442_CoolOff$NStopPhase Phase,LDP[142]
-_-$N- Phase,LDP[143]
T443_HeatOn$NProcessPhase Phase,LDP[144]
T443_HeatOff$NStopPhase Phase,LDP[145]
T443_CoolOn$NProcessPhase Phase,LDP[146]
T443_CoolOff$NStopPhase Phase,LDP[147]
-_-$N- Phase,LDP[148]
T444_HeatOn$NProcessPhase Phase,LDP[149]
T444_HeatOff$NStopPhase Phase,LDP[150]
T444_CoolOn$NProcessPhase Phase,LDP[151]
T444_CoolOff$NStopPhase Phase,LDP[152]
-_-$N- Phase,LDP[153]
T445_HeatOn$NProcessPhase Phase,LDP[154]
T445_HeatOff$NStopPhase Phase,LDP[155]
T445_CoolOn$NProcessPhase Phase,LDP[156]
T445_CoolOff$NStopPhase Phase,LDP[157]
-_-$N- Phase,LDP[158]
T446_HeatOn$NProcessPhase Phase,LDP[159]
T446_HeatOff$NStopPhase Phase,LDP[160]
T446_CoolOn$NProcessPhase Phase,LDP[161]
T446_CoolOff$NStopPhase Phase,LDP[162]
-_-$N- Phase,LDP[163]
MWSVM4A_VM4H1$NCleanPhase Phase,LDP[164]
MWSVM4B_VM4H2$NCleanPhase Phase,LDP[165]
HWS_MFD1$NCleanPhase Phase,LDP[166]
HWS_MFD2$NCleanPhase Phase,LDP[167]
MWSVM4A_VM4H1$NCIPPhase Phase,LDP[168]
MWSVM4B_VM4H2$NCIPPhase Phase,LDP[169]
MWSVM4B_VM4H1$NCIPPhase Phase,LDP[170]
MWSVM4B_VM4H2$NCIPPhase Phase,LDP[171]
-_-$N- Phase,LDP[172]
-_-$N- Phase,LDP[173]
MWSVM4A_T441$NCleanPhase Phase,LDP[174]
MWSVM4A_T442$NCleanPhase Phase,LDP[175]
MWSVM4A_T443$NCleanPhase Phase,LDP[176]
MWSVM4A_T444$NCleanPhase Phase,LDP[177]
MWSVM4A_T445$NCleanPhase Phase,LDP[178]
MWSVM4A_T446$NCleanPhase Phase,LDP[179]
-_-$N- Phase,LDP[180]
-_-$N- Phase,LDP[181]
HWSVM1_Filler5A$NCleanPhase Phase,LDP[182]
HWSVM1_Filler5B$NCleanPhase Phase,LDP[183]
HWSVM1_Filler5A$NSanitizePhase Phase,LDP[184]
HWSVM1_Filler5B$NSanitizePhase Phase,LDP[185]
HWSVM1_Filler6$NCleanPhase Phase,LDP[186]
HWSVM1_Filler6$NSanitizePhase Phase,LDP[187]
-_-$N- Phase,LDP[188]
CWSPreLD_M490Old$NTransferPhase Phase,LDP[189]
-_-$N- Phase,LDP[190]
VM4H1_T441$NStopPhase Phase,LDP[191]
VM4H1_T442$NStopPhase Phase,LDP[192]
VM4H1_T443$NStopPhase Phase,LDP[193]
VM4H1_T444$NStopPhase Phase,LDP[194]
VM4H1_T445$NStopPhase Phase,LDP[195]
VM4H1_T446$NStopPhase Phase,LDP[196]
-_-$N- Phase,LDP[197]
VM4H2_T441$NStopPhase Phase,LDP[198]
VM4H2_T442$NStopPhase Phase,LDP[199]
VM4H2_T443$NStopPhase Phase,LDP[200]
VM4H2_T444$NStopPhase Phase,LDP[201]
VM4H2_T445$NStopPhase Phase,LDP[202]
VM4H2_T446$NStopPhase Phase,LDP[203]
-_-$N- Phase,LDP[204]
T315_AgitOn$NAgitation On Turbine Phase,LDP[205]
T315_AgitSp$NAgititation Speed Turbine Phase,LDP[206]
T315_AgitOff$NStopPhase Turbine Phase,LDP[207]
-_-$N- Phase,LDP[208]
-_-$N- Phase,LDP[209]
T314_AgitOn$NAgitation On Turbine Phase,LDP[209]
T314_AgitSp$NAgititation Speed Turbine Phase,LDP[210]
T314_AgitOff$NStopPhase Turbine Phase,LDP[211]
-_-$N- Phase,LDP[212]
T441_StopDrain$NStopPhase Phase,LDP[213]
T442_StopDrain$NStopPhase Phase,LDP[214]
T443_StopDrain$NStopPhase Phase,LDP[215]
T444_StopDrain$NStopPhase Phase,LDP[216]
T445_StopDrain$NStopPhase Phase,LDP[217]
T446_StopDrain$NStopPhase Phase,LDP[218]
-_-$N- Phase,LDP[219]
VM4H1_StopDrain$NStopDrain Phase,LDP[220]
VM4H2_StopDrain$NStopDrain Phase,LDP[221]
-_-$N- Phase,LDP[222]
T441_DrainConnection$NConnectionPhase Phase,LDP[223]
T442_DrainConnection$NConnectionPhase Phase,LDP[224]
T443_DrainConnection$NConnectionPhase Phase,LDP[225]
T444_DrainConnection$NConnectionPhase Phase,LDP[226]
T445_DrainConnection$NConnectionPhase Phase,LDP[227]
T446_DrainConnection$NConnectionPhase Phase,LDP[228]
-_-$N- Phase,LDP[229]
T441_Filler6$NTransferPhase Phase,LDP[230]
T442_Filler6$NTransferPhase Phase,LDP[231]
T443_Filler6$NTransferPhase Phase,LDP[232]
T444_Filler6$NTransferPhase Phase,LDP[233]
T445_Filler6$NTransferPhase Phase,LDP[234]
T446_Filler6$NTransferPhase Phase,LDP[235]
-_-$N- Phase,LDP[236]
T326_VM4H1$NTransferPhase Phase,LDP[237]
T326_VM4H2$NTransferPhase Phase,LDP[238]
T324_VM4H1$NTransferPhase Phase,LDP[239]
T324_T313$NTransferPhase Phase,LDP[240]
T324_VM4H2$NTransferPhase Phase,LDP[241]
T325-VM4_T313$NTransferPhase Phase,LDP[242]
T325-VM4_T314$NTransferPhase Phase,LDP[243]
T325-VM4_T315$NTransferPhase Phase,LDP[244]
-_-$N- Phase,LDP[245]
T322_VM4H1$NTransferPhase Phase,LDP[246]
T322_VM4H2$NTransferPhase Phase,LDP[247]
-_-$N- Phase,LDP[248]
T313_VM4H1$NTransferPhase Phase,LDP[249]
T313_VM4H2$NTransferPhase Phase,LDP[250]
-_-$N- Phase,LDP[251]
MWSPreLD_T313$NCIPPhase Phase,LDP[252]
HWSPreLD_T307$NCIPPhase Phase,LDP[253]
-_-$N- Phase,LDP[254]
T308_T315$NTransferPhase Phase,LDP[255]
T307_T314$NTransferPhase Phase,LDP[256]
T306_T313$NTransferPhase Phase,LDP[257]
T202_VM4H1$NTransferPhase Phase,LDP[258]
T202_T313$NTransferPhase Phase,LDP[259]
T202_T314$NTransferPhase Phase,LDP[260]
T202_T315$NTransferPhase Phase,LDP[261]
T202_VM4H2$NTransferPhase Phase,LDP[262]
MWSPreLD_T313$NCleanPhase Phase,LDP[263]
MWSPreLD_T307$NCleanPhase Phase,LDP[264]
-_-$N- Phase,LDP[265]
MWSPreLD_T313$NSanitizePhase Phase,LDP[266]
MWSPreLD_T307$NSanitizePhase Phase,LDP[267]
-_-$N- Phase,LDP[268]
T315_HeatOn$NProcessPhase Phase,LDP[269]
T315_HeatOff$NStopPhase Phase,LDP[270]
T314_HeatOn$NProcessPhase Phase,LDP[271]
T314_HeatOff$NStopPhase Phase,LDP[272]
T313_HeatOn$NProcessPhase Phase,LDP[273]
T313_HeatOff$NStopPhase Phase,LDP[274]
-_-$N- Phase,LDP[275]
T313_AgitOn$NAgitation On Turbine Phase,LDP[276]
T313_AgitSp$NAgititation Speed Turbine Phase,LDP[277]
T313_AgitOff$NStopPhase Turbine Phase,LDP[278]
-_-$N- Phase,LDP[279]
T315_CoolOn$NProcessPhase Phase,LDP[280]
T315_CoolOff$NStopPhase Phase,LDP[281]
T314_CoolOn$NProcessPhase Phase,LDP[282]
T314_CoolOff$NStopPhase Phase,LDP[283]
T313_CoolOn$NProcessPhase Phase,LDP[284]
T313_CoolOff$NStopPhase Phase,LDP[285]
-_-$N- Phase,LDP[286]
CWSPreLD_T315$NTransferPhase Phase,LDP[287]
CWSPreLD_T314$NTransferPhase Phase,LDP[288]
CWSPreLD_T308$NTransferPhase Phase,LDP[289]
CWSPreLD_T306$NTransferPhase Phase,LDP[290]
CWSPreLD_T313$NTransferPhase Phase,LDP[291]
CWSPreLD_T307$NTransferPhase Phase,LDP[292]
CWSPreLD_M490Old$NTransferPhase Phase,LDP[293]
CWSPreLD_VM4H1$NTransferPhase Phase,LDP[294]
CWSPreLD_VM4H2$NTransferPhase Phase,LDP[295]
-_-$N- Phase,LDP[296]
-_-$N- Phase,LDP[297]
T203_VM4H1$NTransferPhase Phase,LDP[298]
T203_VM4H2$NTransferPhase Phase,LDP[299]
-_-$N- Phase,LDP[300]
-_-$N- Phase,LDP[301]
-_-$N- Phase,LDP[302]
LDWW_T9212$NPhase Phase,LDP[303]
-_-$N- Phase,LDP[304]
MWSVM3A_T501$NCleanPhase Phase,LDP[305]
MWSVM3A_T502$NCleanPhase Phase,LDP[306]
MWSVM3A_T504$NCleanPhase Phase,LDP[307]
MWSVM3A_T505$NCleanPhase Phase,LDP[308]
MWSVM3A_T506$NCleanPhase Phase,LDP[309]
T501_AgitOn$NAgitation On Turbine Phase,LDP[310]
T501_AgitSp$NAgititation Speed Turbine Phase,LDP[311]
T501_CoolOn$NProcessPhase Phase,LDP[312]
T501_Drain$NDrainPhase Phase,LDP[313]
T501_HeatOn$NProcessPhase Phase,LDP[314]
T501_AgitOff$NStopPhase Turbine Phase,LDP[315]
T501_CoolOff$NStopPhase Phase,LDP[316]
T501_HeatOff$NStopPhase Phase,LDP[317]
T501_VM5H4$NTransferPhase Phase,LDP[318]
T501_Filler5B$NTransferPhase Phase,LDP[319]
T501_Filler5C$NTransferPhase Phase,LDP[320]
T501_Filler6$NTransferPhase Phase,LDP[321]
T501_VM5H3$NTransferPhase Phase,LDP[322]
T501_StopDrain$NStopPhase Phase,LDP[323]
T501_DrainConnection$NConnectionPhase Phase,LDP[324]
T502_AgitOn$NAgitation On Turbine Phase,LDP[325]
T502_AgitSp$NAgititation Speed Turbine Phase,LDP[326]
T502_CoolOn$NProcessPhase Phase,LDP[327]
T502_Drain$NDrainPhase Phase,LDP[328]
T502_HeatOn$NProcessPhase Phase,LDP[329]
T502_AgitOff$NStopPhase Turbine Phase,LDP[330]
T502_CoolOff$NStopPhase Phase,LDP[331]
T502_HeatOff$NStopPhase Phase,LDP[332]
T502_VM5H3$NTransferPhase Phase,LDP[333]
T502_Filler5B$NTransferPhase Phase,LDP[334]
T502_Filler5C$NTransferPhase Phase,LDP[335]
T502_Filler6$NTransferPhase Phase,LDP[336]
T502_VM5H4$NTransferPhase Phase,LDP[337]
T502_StopDrain$NStopPhase Phase,LDP[338]
T502_DrainConnection$NConnectionPhase Phase,LDP[339]
T504_AgitOn$NAgitation On Turbine Phase,LDP[340]
T504_AgitSp$NAgititation Speed Turbine Phase,LDP[341]
T504_CoolOn$NProcessPhase Phase,LDP[342]
T504_Drain$NDrainPhase Phase,LDP[343]
T504_HeatOn$NProcessPhase Phase,LDP[344]
T504_AgitOff$NStopPhase Turbine Phase,LDP[345]
T504_CoolOff$NStopPhase Phase,LDP[346]
T504_HeatOff$NStopPhase Phase,LDP[347]
T504_VM5H4$NTransferPhase Phase,LDP[348]
T504_Filler5B$NTransferPhase Phase,LDP[349]
T504_Filler5C$NTransferPhase Phase,LDP[350]
T504_Filler6$NTransferPhase Phase,LDP[351]
T504_VM5H3$NTransferPhase Phase,LDP[352]
T504_StopDrain$NStopPhase Phase,LDP[353]
T504_DrainConnection$NConnectionPhase Phase,LDP[354]
T505_AgitOn$NAgitation On Turbine Phase,LDP[355]
T505_AgitSp$NAgititation Speed Turbine Phase,LDP[356]
T505_CoolOn$NProcessPhase Phase,LDP[357]
T505_Drain$NDrainPhase Phase,LDP[358]
T505_HeatOn$NProcessPhase Phase,LDP[359]
T505_AgitOff$NStopPhase Turbine Phase,LDP[360]
T505_CoolOff$NStopPhase Phase,LDP[361]
T505_HeatOff$NStopPhase Phase,LDP[362]
T505_VM5H4$NTransferPhase Phase,LDP[363]
T505_Filler5B$NTransferPhase Phase,LDP[364]
T505_Filler5C$NTransferPhase Phase,LDP[365]
T505_Filler6$NTransferPhase Phase,LDP[366]
T505_VM5H3$NTransferPhase Phase,LDP[367]
T505_StopDrain$NStopPhase Phase,LDP[368]
T505_DrainConnection$NConnectionPhase Phase,LDP[369]
T506_AgitOn$NAgitation On Turbine Phase,LDP[370]
T506_AgitSp$NAgititation Speed Turbine Phase,LDP[371]
T506_CoolOn$NProcessPhase Phase,LDP[372]
T506_Drain$NDrainPhase Phase,LDP[373]
T506_HeatOn$NProcessPhase Phase,LDP[374]
T506_AgitOff$NStopPhase Turbine Phase,LDP[375]
T506_CoolOff$NStopPhase Phase,LDP[376]
T506_HeatOff$NStopPhase Phase,LDP[377]
T506_VM5H4$NTransferPhase Phase,LDP[378]
T506_Filler5B$NTransferPhase Phase,LDP[379]
T506_Filler5C$NTransferPhase Phase,LDP[380]
T506_Filler6$NTransferPhase Phase,LDP[381]
T506_VM5H3$NTransferPhase Phase,LDP[382]
T506_StopDrain$NStopPhase Phase,LDP[383]
T506_DrainConnection$NConnectionPhase Phase,LDP[384]
T204_VM3H1$NTransferPhase Phase,LDP[385]
T204_VM3H2$NTransferPhase Phase,LDP[386]
T204_VM3H3$NTransferPhase Phase,LDP[387]
T204_VM4H1$NTransferPhase Phase,LDP[388]
T204_VM4H2$NTransferPhase Phase,LDP[389]
T205_VM3H1$NTransferPhase Phase,LDP[390]
T205_VM3H2$NTransferPhase Phase,LDP[391]
T205_VM3H3$NTransferPhase Phase,LDP[392]
T206_VM3H1$NTransferPhase Phase,LDP[393]
T206_VM3H2$NTransferPhase Phase,LDP[394]
T206_VM3H3$NTransferPhase Phase,LDP[395]
T207_VM3H1$NTransferPhase Phase,LDP[396]
T207_VM3H2$NTransferPhase Phase,LDP[397]
T207_VM3H3$NTransferPhase Phase,LDP[398]
T208_VM3H1$NTransferPhase Phase,LDP[399]
T208_VM3H2$NTransferPhase Phase,LDP[400]
T208_VM3H3$NTransferPhase Phase,LDP[401]
-_-$N- Phase,LDP[402]
T219_VM3H1$NTransferPhase Phase,LDP[403]
T219_VM3H2$NTransferPhase Phase,LDP[404]
T219_VM3H3$NTransferPhase Phase,LDP[405]
T304_VM3H1$NTransferPhase Phase,LDP[406]
T304_VM3H2$NTransferPhase Phase,LDP[407]
T304_VM3H3$NTransferPhase Phase,LDP[408]
T301_VM5H2$NTransferPhase Phase,LDP[409]
T301_VM3H1$NTransferPhase Phase,LDP[410]
T302_VM3H2$NTransferPhase Phase,LDP[411]
T302_VM3H3$NTransferPhase Phase,LDP[412]
T302_VM5H2$NTransferPhase Phase,LDP[413]
T302_VM3H2$NTransferPhase Phase,LDP[414]
T303_VM3H2$NTransferPhase Phase,LDP[415]
T303_VM3H3$NTransferPhase Phase,LDP[416]
T303_VM5H2$NTransferPhase Phase,LDP[417]
T303_VM3H3$NTransferPhase Phase,LDP[418]
T304_VM3H2$NTransferPhase Phase,LDP[419]
T304_VM3H3$NTransferPhase Phase,LDP[420]
T304_VM5H2$NTransferPhase Phase,LDP[421]
T312_VM3H1$NTransferPhase Phase,LDP[422]
T312_VM3H2$NTransferPhase Phase,LDP[423]
T312_VM3H3$NTransferPhase Phase,LDP[424]
T313_Drain$NDrainPhase Phase,LDP[425]
T314_Drain$NDrainPhase Phase,LDP[426]
T315_Drain$NDrainPhase Phase,LDP[427]
T319_Drain$NDrainPhase Phase,LDP[428]
T322_VM3H1$NTransferPhase Phase,LDP[429]
T322_VM3H2$NTransferPhase Phase,LDP[430]
T322_VM3H3$NTransferPhase Phase,LDP[431]
-_-$N- Phase,LDP[432]
-_-$N- Phase,LDP[433]
-_-$N- Phase,LDP[434]
T325-VM3_VM3H1$NTransferPhase Phase,LDP[435]
T325-VM3_VM3H2$NTransferPhase Phase,LDP[436]
T325-VM3_VM3H3$NTransferPhase Phase,LDP[437]
-_-$N- Phase,LDP[438]
T341_SLES$NTransferPhase Phase,LDP[439]
-_-$N- Phase,LDP[440]
T342-VM3_VM3H1$NTransferPhase Phase,LDP[441]
T342-VM3_VM3H2$NTransferPhase Phase,LDP[442]
T342-VM3_VM3H3$NTransferPhase Phase,LDP[443]
-_-$N- Phase,LDP[444]
T343-VM3_VM3H1$NTransferPhase Phase,LDP[445]
T343-VM3_VM3H2$NTransferPhase Phase,LDP[446]
T343-VM3_VM3H3$NTransferPhase Phase,LDP[447]
-_-$N- Phase,LDP[448]
T501_Filler5A$NTransferPhase Phase,LDP[449]
T502_Filler5A$NTransferPhase Phase,LDP[450]
T504_Filler5A$NTransferPhase Phase,LDP[451]
T505_Filler5A$NTransferPhase Phase,LDP[452]
T506_Filler5A$NTransferPhase Phase,LDP[453]
T446_Filler5C$NTransferPhase Phase,LDP[454]
T601_VM6H1$NTransferPhase Phase,LDP[455]
T601_VM6H2$NTransferPhase Phase,LDP[456]
T601_VM6H3$NTransferPhase Phase,LDP[457]
T601_VM6H4$NTransferPhase Phase,LDP[458]
T601_VM6H5$NTransferPhase Phase,LDP[459]
T602_VM6H1$NTransferPhase Phase,LDP[460]
T602_VM6H2$NTransferPhase Phase,LDP[461]
T602_VM6H3$NTransferPhase Phase,LDP[462]
T602_VM6H4$NTransferPhase Phase,LDP[463]
T602_VM6H5$NTransferPhase Phase,LDP[464]
T603_VM6H1$NTransferPhase Phase,LDP[465]
T603_VM6H2$NTransferPhase Phase,LDP[466]
T603_VM6H3$NTransferPhase Phase,LDP[467]
T603_VM6H4$NTransferPhase Phase,LDP[468]
T603_VM6H5$NTransferPhase Phase,LDP[469]
VM3H1_T501$NTransferPhase Phase,LDP[470]
VM3H1_T502$NTransferPhase Phase,LDP[471]
VM3H1_T504$NTransferPhase Phase,LDP[472]
VM3H1_T505$NTransferPhase Phase,LDP[473]
VM3H1_T506$NTransferPhase Phase,LDP[474]
VM3H2_T501$NTransferPhase Phase,LDP[475]
VM3H2_T502$NTransferPhase Phase,LDP[476]
VM3H2_T504$NTransferPhase Phase,LDP[477]
VM3H2_T505$NTransferPhase Phase,LDP[478]
VM3H2_T506$NTransferPhase Phase,LDP[479]
VM3H3_T501$NTransferPhase Phase,LDP[480]
VM3H3_T502$NTransferPhase Phase,LDP[481]
VM3H3_T504$NTransferPhase Phase,LDP[482]
VM3H3_T505$NTransferPhase Phase,LDP[483]
VM3H3_T506$NTransferPhase Phase,LDP[484]
VM3H1_T501$NStopPhase Phase,LDP[485]
VM3H1_T502$NStopPhase Phase,LDP[486]
VM3H1_T504$NStopPhase Phase,LDP[487]
VM3H1_T505$NStopPhase Phase,LDP[488]
VM3H1_T506$NStopPhase Phase,LDP[489]
VM3H1_T501$NTransferPhase Phase,LDP[490]
VM3H1_T502$NTransferPhase Phase,LDP[491]
VM3H1_T504$NTransferPhase Phase,LDP[492]
VM3H1_T505$NTransferPhase Phase,LDP[493]
VM3H1_T506$NTransferPhase Phase,LDP[494]
VM3H2_T501$NStopPhase Phase,LDP[495]
VM3H2_T502$NStopPhase Phase,LDP[496]
VM3H2_T504$NStopPhase Phase,LDP[497]
VM3H2_T505$NStopPhase Phase,LDP[498]
VM3H2_T506$NStopPhase Phase,LDP[499]
VM3H3_T501$NStopPhase Phase,LDP[500]
VM3H3_T502$NStopPhase Phase,LDP[501]
VM3H3_T504$NStopPhase Phase,LDP[502]
VM3H3_T505$NStopPhase Phase,LDP[503]
VM3H3_T506$NStopPhase Phase,LDP[504]
VM5H1_T601$NTransferPhase Phase,LDP[505]
VM5H1_T602$NTransferPhase Phase,LDP[506]
VM5H1_T603$NTransferPhase Phase,LDP[507]
VM5H2_T601$NTransferPhase Phase,LDP[508]
VM5H2_T602$NTransferPhase Phase,LDP[509]
VM5H2_T603$NTransferPhase Phase,LDP[510]
VM5H3_T601$NTransferPhase Phase,LDP[511]
VM5H3_T602$NTransferPhase Phase,LDP[512]
VM5H3_T603$NTransferPhase Phase,LDP[513]
VM5H4_T601$NTransferPhase Phase,LDP[514]
VM5H4_T602$NTransferPhase Phase,LDP[515]
VM5H4_T603$NTransferPhase Phase,LDP[516]
VM5H5_T601$NTransferPhase Phase,LDP[517]
VM5H5_T602$NTransferPhase Phase,LDP[518]
VM5H5_T603$NTransferPhase Phase,LDP[519]
VM6H1_Filler5A$NTransferPhase Phase,LDP[520]
VM6H1_Filler5B$NTransferPhase Phase,LDP[521]
VM6H1_Filler5C$NTransferPhase Phase,LDP[522]
VM6H1_Filler6$NTransferPhase Phase,LDP[523]
VM6H5_T301$NTransferPhase Phase,LDP[524]
VM6H5_T302$NTransferPhase Phase,LDP[525]
VM6H5_T303$NTransferPhase Phase,LDP[526]
VM6H5_T304$NTransferPhase Phase,LDP[527]
VM6H2_Filler5A$NTransferPhase Phase,LDP[528]
VM6H2_Filler5B$NTransferPhase Phase,LDP[529]
VM6H2_Filler5C$NTransferPhase Phase,LDP[530]
VM6H2_Filler6$NTransferPhase Phase,LDP[531]
VM6H3_VM3H3$NTransferPhase Phase,LDP[532]
VM6H3_VM3H1$NTransferPhase Phase,LDP[533]
VM6H3_VM3H2$NTransferPhase Phase,LDP[534]
VM6H4_VM3H1$NTransferPhase Phase,LDP[535]
VM6H4_VM3H2$NTransferPhase Phase,LDP[536]
VM6H4_VM3H3$NTransferPhase Phase,LDP[537]
VM6H5_T301$NTransferPhase Phase,LDP[538]
VM6H5_T302$NTransferPhase Phase,LDP[539]
VM6H5_T303$NTransferPhase Phase,LDP[540]
VM6HW_Filler5A$NTransferPhase Phase,LDP[541]
VM6HW_Filler5B$NTransferPhase Phase,LDP[542]
VM6HW_Filler5C$NTransferPhase Phase,LDP[543]
VM6HW_Filler6$NTransferPhase Phase,LDP[544]
MWSPreLD_T306$NWaterAdd Phase,LDP[546]
MWSPreLD_T307$NWaterAdd Phase,LDP[547]
MWSPreLD_T308$NWaterAdd Phase,LDP[548]
MWSPreLD_T313$NWaterAdd Phase,LDP[549]
MWSPreLD_T314$NWaterAdd Phase,LDP[550]
MWSPreLD_T319$NWaterAdd Phase,LDP[551]
MWSVM3A_VM3H1$NWaterAdd Phase,LDP[552]
Steam_VM3H3$NTransferPhase Phase,LDP[553]
Steam_VM3H2$NTransferPhase Phase,LDP[554]
Steam_VM3H1$NTransferPhase Phase,LDP[555]
MWSVM3B_VM3H2$NWaterAdd Phase,LDP[556]
VM3H3_Drain$NStopPhase Phase,LDP[557]
VM3H1_Drain$NStopPhase Phase,LDP[558]
MWSVM3C_VM3H2$NWaterAdd Phase,LDP[559]
VM3H2_Drain$NStopPhase Phase,LDP[560]
-_-$N- Phase,LDP[561]
-_-$N- Phase,LDP[562]
MWSVM4A_VM4H1$NWaterAdd Phase,LDP[563]
-_-$N- Phase,LDP[564]
-_-$N- Phase,LDP[565]
-_-$N- Phase,LDP[566]
MWSVM4B_VM4H2$NWaterAdd Phase,LDP[567]
MWSVM6A_VM6H1$NCleanPhase Phase,LDP[568]
MWSVM6A_VM6H1$NWaterAdd Phase,LDP[569]
MWSVM6A_VM6H2$NCleanPhase Phase,LDP[570]
MWSVM6A_VM6H2$NWaterAdd Phase,LDP[571]
MWSVM6A_VM6HW$NCleanPhase Phase,LDP[572]
MWSVM6A_VM6HW$NWaterAdd Phase,LDP[573]
MWSVM6B_VM6H1$NCleanPhase Phase,LDP[574]
MWSVM6B_VM6H1$NWaterAdd Phase,LDP[575]
MWSVM6B_VM6H2$NCleanPhase Phase,LDP[576]
MWSVM6B_VM6H2$NWaterAdd Phase,LDP[577]
MWSVM6B_VM6HW$NCleanPhase Phase,LDP[578]
MWSVM6B_VM6HW$NWaterAdd Phase,LDP[579]
Filler5A_VM5H5$NTransferPhase Phase,LDP[580]
-_-$N- Phase,LDP[581]
Filler5B_VM5H5$NTransferPhase Phase,LDP[582]
-_-$N- Phase,LDP[583]
Filler5C_VM5H5$NTransferPhase Phase,LDP[584]
-_-$N- Phase,LDP[585]
Filler6_VM5H5$NTransferPhase Phase,LDP[586]
-_-$N- Phase,LDP[587]
CWSBW_T601$NTransferPhase Phase,LDP[588]
CWSBW_T602$NTransferPhase Phase,LDP[589]
CWSBW_T603$NTransferPhase Phase,LDP[590]
CWSPreLD_T303$NTransferPhase Phase,LDP[591]
CWSPreLD_T304$NTransferPhase Phase,LDP[592]
CWSPreLD_TriBlend$NTransferPhase Phase,LDP[593]
CWSPreLD_T301$NTransferPhase Phase,LDP[594]
CWSPreLD_T302$NTransferPhase Phase,LDP[595]
HWSCIP_T601$NTransferPhase Phase,LDP[596]
HWSCIP_T602$NTransferPhase Phase,LDP[597]
HWSCIP_T603$NTransferPhase Phase,LDP[598]
-_-$N- Phase,LDP[599]
MWSPreLD_T315$NWaterAdd Phase,LDP[600]
HWSVM1_Filler5C$NCleanPhase Phase,LDP[601]
HWSVM1_Filler5C$NSanitizePhase Phase,LDP[602]
MWSVM4A_VM4H1$NSanitizePhase Phase,LDP[603]
MWSVM4B_VM4H2$NSanitizePhase Phase,LDP[604]
MWSVM6A_VM6H1$NSanitizePhase Phase,LDP[605]
-_-$N- Phase,LDP[606]
MWSVM6A_VM6H2$NSanitizePhase Phase,LDP[607]
-_-$N- Phase,LDP[608]
MWSVM6A_VM6HW$NSanitizePhase Phase,LDP[609]
-_-$N- Phase,LDP[610]
MWSVM6B_VM6H1$NSanitizePhase Phase,LDP[611]
-_-$N- Phase,LDP[612]
MWSVM6B_VM6H2$NSanitizePhase Phase,LDP[613]
-_-$N- Phase,LDP[614]
MWSVM6B_VM6HW$NSanitizePhase Phase,LDP[615]
-_-$N- Phase,LDP[616]
T301_Drain$NDrainPhase Phase,LDP[617]
T302_Drain$NDrainPhase Phase,LDP[618]
T303_Drain$NDrainPhase Phase,LDP[619]
T304_Drain$NDrainPhase Phase,LDP[620]
VM5H1_T601$NStopDrain Phase,LDP[621]
VM5H1_T602$NStopDrain Phase,LDP[622]
VM5H1_T603$NStopDrain Phase,LDP[623]
VM5H2_T601$NStopDrain Phase,LDP[624]
VM5H2_T602$NStopDrain Phase,LDP[625]
VM5H2_T603$NStopDrain Phase,LDP[626]
VM5H3_T601$NStopDrain Phase,LDP[627]
VM5H3_T602$NStopDrain Phase,LDP[628]
VM5H3_T603$NStopDrain Phase,LDP[629]
VM5H4_T601$NStopDrain Phase,LDP[630]
VM5H4_T602$NStopDrain Phase,LDP[631]
VM5H4_T603$NStopDrain Phase,LDP[632]
VM5H5_T601$NStopDrain Phase,LDP[633]
VM5H5_T602$NStopDrain Phase,LDP[634]
VM5H5_T603$NStopDrain Phase,LDP[635]
VM5H1_T601$NDrainPhase Phase,LDP[636]
VM5H1_T602$NDrainPhase Phase,LDP[637]
VM5H1_T603$NDrainPhase Phase,LDP[638]
VM5H2_T601$NDrainPhase Phase,LDP[639]
VM5H2_T602$NDrainPhase Phase,LDP[640]
VM5H2_T603$NDrainPhase Phase,LDP[641]
VM5H3_Drain$NDrainPhase Phase,LDP[642]
VM5H3_Drain$NDrainPhase Phase,LDP[643]
VM5H3_Drain$NDrainPhase Phase,LDP[644]
VM5H4_Drain$NDrainPhase Phase,LDP[645]
VM5H4_Drain$NDrainPhase Phase,LDP[646]
VM5H4_Drain$NDrainPhase Phase,LDP[647]
VM5H5_Drain$NDrainPhase Phase,LDP[648]
VM5H5_Drain$NDrainPhase Phase,LDP[649]
VM5H5_Drain$NDrainPhase Phase,LDP[650]
SLES_VM5H1$NTransferPhase Phase,LDP[651]
VM3H1_VM5H1$NTransferPhase Phase,LDP[652]
VM3H2_VM5H1$NTransferPhase Phase,LDP[653]
VM3H3_VM5H1$NTransferPhase Phase,LDP[654]
T326_VM5H1$NTransferPhase Phase,LDP[655]
T342-VM3_VM5H1$NTransferPhase Phase,LDP[656]
T343-VM3_VM5H1$NTransferPhase Phase,LDP[657]
T344_VM5H1$NTransferPhase Phase,LDP[658]
T312_T601$NTransferPhase Phase,LDP[659]
T312_T602$NTransferPhase Phase,LDP[660]
T312_T603$NTransferPhase Phase,LDP[661]
VM4H1_T501$NTransferPhase Phase,LDP[662]
VM4H1_T502$NTransferPhase Phase,LDP[663]
VM4H1_T504$NTransferPhase Phase,LDP[664]
VM4H1_T505$NTransferPhase Phase,LDP[665]
VM4H1_T506$NTransferPhase Phase,LDP[666]
VM4H2_T501$NTransferPhase Phase,LDP[667]
VM4H2_T502$NTransferPhase Phase,LDP[668]
VM4H2_T504$NTransferPhase Phase,LDP[669]
VM4H2_T505$NTransferPhase Phase,LDP[670]
VM4H2_T506$NTransferPhase Phase,LDP[671]
VM4H1_T501$NStopPhase Phase,LDP[672]
VM4H1_T502$NStopPhase Phase,LDP[673]
VM4H1_T504$NStopPhase Phase,LDP[674]
VM4H1_T505$NStopPhase Phase,LDP[675]
VM4H1_T506$NStopPhase Phase,LDP[676]
VM4H2_T501$NStopPhase Phase,LDP[677]
VM4H2_T502$NStopPhase Phase,LDP[678]
VM4H2_T504$NStopPhase Phase,LDP[679]
VM4H2_T505$NStopPhase Phase,LDP[680]
VM4H2_T506$NStopPhase Phase,LDP[681]
T601_Unloading$NTransferPhase Phase,LDP[682]
T601_SLES$NTransferPhase Phase,LDP[683]
SLES_T342-VM3$NTransferPhase Phase,LDP[684]
VM5H6_T601$NTransferPhase Phase,LDP[685]
VM5H6_T602$NTransferPhase Phase,LDP[686]
VM5H6_T603$NTransferPhase Phase,LDP[687]
Filler5A_VM5H6$NTransferPhase Phase,LDP[688]
Filler5B_VM5H6$NTransferPhase Phase,LDP[689]
Filler5C_VM5H6$NTransferPhase Phase,LDP[690]
Filler6_VM5H6$NTransferPhase Phase,LDP[691]
VM5H6_T601$NStopDrain Phase,LDP[692]
VM5H6_T602$NStopDrain Phase,LDP[693]
VM5H6_T603$NStopDrain Phase,LDP[694]
VM5H6_Drain$NDrainPhase Phase,LDP[695]
VM5H6_Drain$NDrainPhase Phase,LDP[696]
VM5H6_Drain$NDrainPhase Phase,LDP[697]
VM5H7_T601$NTransferPhase Phase,LDP[698]
VM5H7_T602$NTransferPhase Phase,LDP[699]
VM5H7_T603$NTransferPhase Phase,LDP[700]
Filler5A_VM5H7$NTransferPhase Phase,LDP[701]
Filler5B_VM5H7$NTransferPhase Phase,LDP[702]
Filler5C_VM5H7$NTransferPhase Phase,LDP[703]
Filler6_VM5H7$NTransferPhase Phase,LDP[704]
VM5H7_T601$NStopDrain Phase,LDP[705]
VM5H7_T602$NStopDrain Phase,LDP[706]
VM5H7_T603$NStopDrain Phase,LDP[707]
VM5H7_Drain$NDrainPhase Phase,LDP[708]
VM5H7_Drain$NDrainPhase Phase,LDP[709]
VM5H7_Drain$NDrainPhase Phase,LDP[710]
T313_StopDrain$NStopPhase Phase,LDP[711]
T314_StopDrain$NStopPhase Phase,LDP[712]
T315_StopDrain$NStopPhase Phase,LDP[713]
T319_StopDrain$NStopPhase Phase,LDP[714]
T301_StopDrain$NStopPhase Phase,LDP[715]
T302_StopDrain$NStopPhase Phase,LDP[716]
T303_StopDrain$NStopPhase Phase,LDP[717]
T304_StopDrain$NStopPhase Phase,LDP[718]
T601_VM6H1$NStopPhase Phase,LDP[719]
T601_VM6H2$NStopPhase Phase,LDP[720]
T601_VM6H3$NStopPhase Phase,LDP[721]
T601_VM6H4$NStopPhase Phase,LDP[722]
T601_VM6H5$NStopPhase Phase,LDP[723]
T602_VM6H1$NStopPhase Phase,LDP[724]
T602_VM6H2$NStopPhase Phase,LDP[725]
T602_VM6H3$NStopPhase Phase,LDP[726]
T602_VM6H4$NStopPhase Phase,LDP[727]
T602_VM6H5$NStopPhase Phase,LDP[728]
T603_VM6H1$NStopPhase Phase,LDP[729]
T603_VM6H2$NStopPhase Phase,LDP[730]
T603_VM6H3$NStopPhase Phase,LDP[731]
T603_VM6H4$NStopPhase Phase,LDP[732]
T603_VM6H5$NStopPhase Phase,LDP[733]
VM6H3_VM3H1$NStopPhase Phase,LDP[734]
VM6H3_VM3H2$NStopPhase Phase,LDP[735]
VM6H3_VM3H3$NStopPhase Phase,LDP[736]
VM6H4_VM3H1$NStopPhase Phase,LDP[737]
VM6H4_VM3H2$NStopPhase Phase,LDP[738]
VM6H4_VM3H3$NStopPhase Phase,LDP[739]
VM6H5_T301$NStopPhase Phase,LDP[740]
VM6H5_T302$NStopPhase Phase,LDP[741]
VM6H5_T303$NStopPhase Phase,LDP[742]
VM6H5_T304$NStopPhase Phase,LDP[743]
SLES_VM5H1$NStopPhase Phase,LDP[744]
VM3H1_VM5H1$NStopPhase Phase,LDP[745]
VM3H2_VM5H1$NStopPhase Phase,LDP[746]
VM3H3_VM5H1$NStopPhase Phase,LDP[747]
T326_VM5H1$NStopPhase Phase,LDP[748]
T342-VM3_VM5H1$NStopPhase Phase,LDP[749]
T343-VM3_VM5H1$NStopPhase Phase,LDP[750]
T344_VM5H1$NStopPhase Phase,LDP[751]
T301_VM5H2$NStopPhase Phase,LDP[752]
T302_VM5H2$NStopPhase Phase,LDP[753]
T303_VM5H2$NStopPhase Phase,LDP[754]
T304_VM5H2$NStopPhase Phase,LDP[755]
T501_VM5H3$NStopPhase Phase,LDP[756]
T501_VM5H4$NStopPhase Phase,LDP[757]
T502_VM5H3$NStopPhase Phase,LDP[758]
T502_VM5H4$NStopPhase Phase,LDP[759]
T504_VM5H3$NStopPhase Phase,LDP[760]
T504_VM5H4$NStopPhase Phase,LDP[761]
T505_VM5H3$NStopPhase Phase,LDP[762]
T505_VM5H4$NStopPhase Phase,LDP[763]
T506_VM5H3$NStopPhase Phase,LDP[764]
T506_VM5H4$NStopPhase Phase,LDP[765]
Filler5C_VM5H5$NStopPhase Phase,LDP[766]
Filler5B_VM5H6$NStopPhase Phase,LDP[767]
Filler6_VM5H7$NStopPhase Phase,LDP[768]
VM5H1_T601$NStopPhase Phase,LDP[769]
VM5H1_T602$NStopPhase Phase,LDP[770]
VM5H1_T603$NStopPhase Phase,LDP[771]
VM5H2_T601$NStopPhase Phase,LDP[772]
VM5H2_T602$NStopPhase Phase,LDP[773]
VM5H2_T603$NStopPhase Phase,LDP[774]
VM5H3_T601$NStopPhase Phase,LDP[775]
VM5H3_T602$NStopPhase Phase,LDP[776]
VM5H3_T603$NStopPhase Phase,LDP[777]
VM5H4_T601$NStopPhase Phase,LDP[778]
VM5H4_T602$NStopPhase Phase,LDP[779]
VM5H4_T603$NStopPhase Phase,LDP[780]
VM5H5_T601$NStopPhase Phase,LDP[781]
VM5H5_T602$NStopPhase Phase,LDP[782]
VM5H5_T603$NStopPhase Phase,LDP[783]
VM5H6_T601$NStopPhase Phase,LDP[784]
VM5H6_T602$NStopPhase Phase,LDP[785]
VM5H6_T603$NStopPhase Phase,LDP[786]
VM5H7_T601$NStopPhase Phase,LDP[787]
VM5H7_T602$NStopPhase Phase,LDP[788]
VM5H7_T603$NStopPhase Phase,LDP[789]
T441_AgitOn$NAgitation On Sweep Phase,LDP[790]
T441_AgitSp$NAgititation Speed Sweep Phase,LDP[791]
T441_AgitOff$NStopPhase Sweep Phase,LDP[792]
T442_AgitOn$NAgitation On Sweep Phase,LDP[793]
T442_AgitSp$NAgititation Speed Sweep Phase,LDP[794]
T442_AgitOff$NStopPhase Sweep Phase,LDP[795]
T443_AgitOn$NAgitation On Sweep Phase,LDP[796]
T443_AgitSp$NAgititation Speed Sweep Phase,LDP[797]
T443_AgitOff$NStopPhase Sweep Phase,LDP[798]
T444_AgitOn$NAgitation On Sweep Phase,LDP[799]
T444_AgitSp$NAgititation Speed Sweep Phase,LDP[800]
T444_AgitOff$NStopPhase Sweep Phase,LDP[801]
T445_AgitOn$NAgitation On Sweep Phase,LDP[802]
T445_AgitSp$NAgititation Speed Sweep Phase,LDP[803]
T445_AgitOff$NStopPhase Sweep Phase,LDP[804]
T446_AgitOn$NAgitation On Sweep Phase,LDP[805]
T446_AgitSp$NAgititation Speed Sweep Phase,LDP[806]
T446_AgitOff$NStopPhase Sweep Phase,LDP[807]
T501_AgitOn$NAgitation On Sweep Phase,LDP[808]
T501_AgitSp$NAgititation Speed Sweep Phase,LDP[809]
T501_AgitOff$NStopPhase Sweep Phase,LDP[810]
T502_AgitOn$NAgitation On Sweep Phase,LDP[811]
T502_AgitSp$NAgititation Speed Sweep Phase,LDP[812]
T502_AgitOff$NStopPhase Sweep Phase,LDP[813]
T504_AgitOn$NAgitation On Sweep Phase,LDP[814]
T504_AgitSp$NAgititation Speed Sweep Phase,LDP[815]
T504_AgitOff$NStopPhase Sweep Phase,LDP[816]
T505_AgitOn$NAgitation On Sweep Phase,LDP[817]
T505_AgitSp$NAgititation Speed Sweep Phase,LDP[818]
T505_AgitOff$NStopPhase Sweep Phase,LDP[819]
T506_AgitOn$NAgitation On Sweep Phase,LDP[820]
T506_AgitSp$NAgititation Speed Sweep Phase,LDP[821]
T506_AgitOff$NStopPhase Sweep Phase,LDP[822]
VM6H5_T304$NTransferPhase Phase,LDP[823]
T601_Unloading$NTransferPhase Phase,LDP[824]
T601_SLES$NStopPhase Phase,LDP[825]
SLES_T342-VM3$NTransferPhase Phase,LDP[826]
CWSBW_TriBlend$NTransferPhase Phase,LDP[827]
T601_TriBlend$NTransferPhase Phase,LDP[828]
T601_TriBlend$NStopPhase Phase,LDP[829]
TriBlend_VM3H1$NTransferPhase Phase,LDP[830]
VM6H1_Filler5A$NStopPhase Phase,LDP[831]
VM6H1_Filler5B$NStopPhase Phase,LDP[832]
VM6H1_Filler5C$NStopPhase Phase,LDP[833]
VM6H1_Filler6$NStopPhase Phase,LDP[834]
VM6H2_Filler5A$NStopPhase Phase,LDP[835]
VM6H2_Filler5B$NStopPhase Phase,LDP[836]
VM6H2_Filler5C$NStopPhase Phase,LDP[837]
VM6H2_Filler6$NStopPhase Phase,LDP[838]
VM6HW_Filler5A$NStopPhase Phase,LDP[839]
VM6HW_Filler5B$NStopPhase Phase,LDP[840]
VM6HW_Filler5C$NStopPhase Phase,LDP[841]
VM6HW_Filler6$NStopPhase Phase,LDP[842]
CWSPreLD_VM4H1$NTransferPhase Phase,LDP[843]
CWSPreLD_VM4H2$NTransferPhase Phase,LDP[844]
T312_T601$NStopPhase Phase,LDP[845]
T312_T602$NStopPhase Phase,LDP[846]
T312_T603$NStopPhase Phase,LDP[847]
MWSVM3A_VM3H1$NClean Phase,LDP[848]
MWSVM3A_VM3H1$NSanitize Phase,LDP[849]
MWSVM3B_VM3H2$NClean Phase,LDP[850]
MWSVM3B_VM3H2$NSanitize Phase,LDP[851]
MWSVM3C_VM3H3$NClean Phase,LDP[852]
MWSVM3C_VM3H3$NSanitize Phase,LDP[853]
TriBlend_VM3H3$NTransferPhase Phase,LDP[854]
TriBlend_VM3H2$NTransferPhase Phase,LDP[855]
T301_AgitOn$NAgitation On Phase,LDP[856]
T301_AgitOff$NAgitation Off Phase,LDP[857]
T301_AgitSp$NAgitation Speed Phase,LDP[858]
T302_AgitOn$NAgitation On Phase,LDP[859]
T302_AgitOff$NAgitation Off Phase,LDP[860]
T302_AgitSp$NAgitation Speed Phase,LDP[861]
T303_AgitOn$NAgitation On Phase,LDP[862]
T303_AgitOff$NAgitation Off Phase,LDP[863]
T303_AgitSp$NAgitation Speed Phase,LDP[864]
T304_AgitOn$NAgitation On Phase,LDP[865]
T304_AgitOff$NAgitation Off Phase,LDP[866]
T304_AgitSp$NAgitation Speed Phase,LDP[867]
VM6H4_VM3H3$NPathMode Phase,LDP[868]
VM3H3_T504$NPathMode Phase,LDP[869]
T504_VM5H4$NPathMode Phase,LDP[870]
VM6H1_Filler5A$NPathMode Phase,LDP[871]
VM6H1_Filler5B$NPathMode Phase,LDP[872]
VM6H1_Filler5C$NPathMode Phase,LDP[873]
VM6H1_Filler6$NPathMode Phase,LDP[874]
VM6H2_Filler5A$NPathMode Phase,LDP[875]
VM6H2_Filler5B$NPathMode Phase,LDP[876]
VM6H2_Filler5C$NPathMode Phase,LDP[877]
VM6H2_Filler6$NPathMode Phase,LDP[878]
VM6HW_Filler5A$NPathMode Phase,LDP[879]
VM6HW_Filler5B$NPathMode Phase,LDP[880]
VM6HW_Filler5C$NPathMode Phase,LDP[881]
VM6HW_Filler6$NPathMode Phase,LDP[882]
VM3H1_T501$NPathMode Phase,LDP[883]
VM3H1_T502$NPathMode Phase,LDP[884]
VM3H1_T504$NPathMode Phase,LDP[885]
VM3H1_T505$NPathMode Phase,LDP[886]
VM3H1_T506$NPathMode Phase,LDP[887]
VM3H2_T501$NPathMode Phase,LDP[888]
VM3H2_T502$NPathMode Phase,LDP[889]
VM3H2_T504$NPathMode Phase,LDP[890]
VM3H2_T505$NPathMode Phase,LDP[891]
VM3H2_T506$NPathMode Phase,LDP[892]
VM3H3_T501$NPathMode Phase,LDP[893]
VM3H3_T502$NPathMode Phase,LDP[894]
VM3H3_T505$NPathMode Phase,LDP[895]
VM3H3_T506$NPathMode Phase,LDP[896]
VM6H3_VM3H1$NPathMode Phase,LDP[897]
VM6H3_VM3H2$NPathMode Phase,LDP[898]
VM6H3_VM3H3$NPathMode Phase,LDP[899]
VM6H4_VM3H1$NPathMode Phase,LDP[900]
VM6H4_VM3H2$NPathMode Phase,LDP[901]
VM6H5_T301$NPathMode Phase,LDP[902]
VM6H5_T302$NPathMode Phase,LDP[903]
VM6H5_T303$NPathMode Phase,LDP[904]
VM6H5_T304$NPathMode Phase,LDP[905]
VM3H1_VM5H1$NPathMode Phase,LDP[906]
VM3H2_VM5H1$NPathMode Phase,LDP[907]
VM3H3_VM5H1$NPathMode Phase,LDP[908]
T326_VM5H1$NPathMode Phase,LDP[909]
T342-VM3_VM5H1$NPathMode Phase,LDP[910]
T343-VM3_VM5H1$NPathMode Phase,LDP[911]
T344_VM5H1$NPathMode Phase,LDP[912]
T301_VM5H2$NPathMode Phase,LDP[913]
T302_VM5H2$NPathMode Phase,LDP[914]
T303_VM5H2$NPathMode Phase,LDP[915]
T304_VM5H2$NPathMode Phase,LDP[916]
T501_VM5H3$NPathMode Phase,LDP[917]
T501_VM5H4$NPathMode Phase,LDP[918]
T502_VM5H3$NPathMode Phase,LDP[919]
T502_VM5H4$NPathMode Phase,LDP[920]
T504_VM5H3$NPathMode Phase,LDP[921]
T505_VM5H3$NPathMode Phase,LDP[922]
T505_VM5H4$NPathMode Phase,LDP[923]
T506_VM5H3$NPathMode Phase,LDP[924]
T506_VM5H4$NPathMode Phase,LDP[925]
Filler5B_VM5H6$NPathMode Phase,LDP[926]
Filler5C_VM5H5$NPathMode Phase,LDP[927]
Filler6_VM5H7$NPathMode Phase,LDP[928]
T601_SLES$NPathMode Phase,LDP[929]
SLES_T601$NPathMode Phase,LDP[930]
